id,original_path,file_name,extension,size_mb,source_folder,detected_module,detected_document_type,proposed_menu,proposed_folder,proposed_title,proposed_code,canonical_use,training_use,quiz_use,certificate_use,priority,training_queue,impacted_roles,suggested_recurrence,status,action_recommended,needs_human_review,notes
0001,Google Drive/POPs+MBP_Drogarias,POPs+MBP_Drogarias,,,root,RQ's e MBP,Pasta/POP,Drogarias,Manual de Boas Praticas,POPs+MBP_Drogarias,POPS-MBP-DROGARIAS,SIM,PLANEJADO,REVISAR,NAO,P0,NORMAL,ADMIN;RT,,INVENTARIADO,REVISAR,SIM,Item e pasta/colecao no Drive; listar arquivos internos antes de importar
0002,Google Drive/conteudo_modular.md,conteudo_modular.md,md,,root,Treinamentos,Documento,Treinamentos,Boas Praticas e Controle de Qualidade,conteudo_modular,CONTEUDO-MODULAR-MD,SIM,OBRIGATORIO,REVISAR,NAO,P0,PRIORITARIO,ADMIN;RT,,INVENTARIADO,IMPORTAR_COMO_TREINAMENTO,NAO,Material de treinamento modular
0003,Google Drive/index.html,index.html,html,,root,Treinamentos,Documento,Treinamentos,Boas Praticas e Controle de Qualidade,index,INDEX-HTML,SIM,OBRIGATORIO,REVISAR,NAO,P0,PRIORITARIO,ADMIN;RT,,INVENTARIADO,IMPORTAR_COMO_TREINAMENTO,NAO,Material de treinamento modular
0004,Google Drive/POP_Roteiro de Qualificação de Fornecedores - Farmácia de Manipulação,POP_Roteiro de Qualificação de Fornecedores - Farmácia de Manipulação,,,root,Farmacia de Manipulacao,Pasta/POP,Biblioteca POPs,05. Materias-primas e Fornecedores,POP_Roteiro de Qualificação de Fornecedores - Farmácia de Manipulação,POP-ROTEIRO-DE-QUALIFICACAO-DE-FORNECEDORES-FARM,SIM,PLANEJADO,REVISAR,NAO,P0,NORMAL,ADMIN;RT,,INVENTARIADO,REVISAR,SIM,Item e pasta/colecao no Drive; listar arquivos internos antes de importar
0005,Google Drive/POP_Roteiro de Autoinspeção para Farmácia de Manipulação,POP_Roteiro de Autoinspeção para Farmácia de Manipulação,,,root,Farmacia de Manipulacao,Pasta/POP,Biblioteca POPs,06. Manipulacao,POP_Roteiro de Autoinspeção para Farmácia de Manipulação,POP-ROTEIRO-DE-AUTOINSPECAO-PARA-FARMACIA-DE-MAN,SIM,PLANEJADO,REVISAR,NAO,P0,NORMAL,ADMIN;RT,,INVENTARIADO,REVISAR,SIM,Item e pasta/colecao no Drive; listar arquivos internos antes de importar
0006,Google Drive/Manual para Solicitação de AE,Manual para Solicitação de AE,,,root,Farmacia de Manipulacao,Pasta/Colecao,Biblioteca POPs,01. Gestao da Qualidade,Manual para Solicitação de AE,MANUAL-PARA-SOLICITACAO-DE-AE,REVISAR,NAO,NAO,NAO,P1,NAO_APLICA,ADMIN;RT,,INVENTARIADO,REVISAR,SIM,Item e pasta/colecao no Drive; listar arquivos internos antes de importar
0007,Google Drive/Manual para Solicitação de AFE,Manual para Solicitação de AFE,,,root,Farmacia de Manipulacao,Pasta/Colecao,Biblioteca POPs,01. Gestao da Qualidade,Manual para Solicitação de AFE,MANUAL-PARA-SOLICITACAO-DE-AFE,REVISAR,NAO,NAO,NAO,P1,NAO_APLICA,ADMIN;RT,,INVENTARIADO,REVISAR,SIM,Item e pasta/colecao no Drive; listar arquivos internos antes de importar
0008,Google Drive/POPs+MBP_Antibióticos Citostáticos e Hormônios,POPs+MBP_Antibióticos Citostáticos e Hormônios,,,root,RQ's e MBP,Pasta/POP,Biblioteca POPs,Manual de Boas Praticas,POPs+MBP_Antibióticos Citostáticos e Hormônios,POPS-MBP-ANTIBIOTICOS-CITOSTATICOS-E-HORMONIOS,SIM,PLANEJADO,REVISAR,NAO,P0,NORMAL,ADMIN;RT,,INVENTARIADO,REVISAR,SIM,Item e pasta/colecao no Drive; listar arquivos internos antes de importar
0009,Google Drive/POP Polícia Civil [2025],POP Polícia Civil [2025],,,root,Farmacia de Manipulacao,Pasta/POP,Biblioteca POPs,01. Gestao da Qualidade,POP Polícia Civil [2025],POP-POLICIA-CIVIL-2025,SIM,PLANEJADO,REVISAR,NAO,P0,NORMAL,ADMIN;RT,,INVENTARIADO,REVISAR,SIM,Item e pasta/colecao no Drive; listar arquivos internos antes de importar
0010,Google Drive/PGRSS_Farmácia de Manipulação e Drogarias,PGRSS_Farmácia de Manipulação e Drogarias,,,root,Drogarias,Pasta/Colecao,Drogarias,06. Manipulacao,PGRSS_Farmácia de Manipulação e Drogarias,PGRSS-FARMACIA-DE-MANIPULACAO-E-DROGARIAS,REVISAR,NAO,NAO,NAO,P1,NAO_APLICA,ADMIN;RT,,INVENTARIADO,REVISAR,SIM,Item e pasta/colecao no Drive; listar arquivos internos antes de importar
0011,Google Drive/POPs+MBP_Farmácia de Manipulação Veterinária Exclusiva,POPs+MBP_Farmácia de Manipulação Veterinária Exclusiva,,,root,RQ's e MBP,Pasta/POP,Biblioteca POPs,06. Manipulacao,POPs+MBP_Farmácia de Manipulação Veterinária Exclusiva,POPS-MBP-FARMACIA-DE-MANIPULACAO-VETERINARIA-EXC,SIM,PLANEJADO,REVISAR,NAO,P0,NORMAL,ADMIN;RT,,INVENTARIADO,REVISAR,SIM,Item e pasta/colecao no Drive; listar arquivos internos antes de importar
0012,Google Drive/Manual para Solicitação de Registro no MAPA,Manual para Solicitação de Registro no MAPA,,,root,RQ's e MBP,Registro da Qualidade,RQ's e MBP,Registros da Qualidade/Formularios,Manual para Solicitação de Registro no MAPA,MANUAL-PARA-SOLICITACAO-DE-REGISTRO-NO-MAPA,REVISAR,NAO,NAO,NAO,P1,NAO_APLICA,ADMIN;RT,,INVENTARIADO,IMPORTAR_COMO_RQ,SIM,Item e pasta/colecao no Drive; listar arquivos internos antes de importar
0013,Google Drive/POPs+MBP_SBIT,POPs+MBP_SBIT,,,root,RQ's e MBP,Pasta/POP,Biblioteca POPs,Manual de Boas Praticas,POPs+MBP_SBIT,POPS-MBP-SBIT,SIM,PLANEJADO,REVISAR,NAO,P0,NORMAL,ADMIN;RT,,INVENTARIADO,REVISAR,SIM,Item e pasta/colecao no Drive; listar arquivos internos antes de importar
0014,Google Drive/POPs_Manipulação Magistral Homeopática,POPs_Manipulação Magistral Homeopática,,,root,Farmacia de Manipulacao,Pasta/POP,Biblioteca POPs,06. Manipulacao,POPs_Manipulação Magistral Homeopática,POPS-MANIPULACAO-MAGISTRAL-HOMEOPATICA,SIM,PLANEJADO,REVISAR,NAO,P0,NORMAL,ADMIN;RT,,INVENTARIADO,REVISAR,SIM,Item e pasta/colecao no Drive; listar arquivos internos antes de importar
0015,Google Drive/POPs_LGPD para Farmácias de Manipulação,POPs_LGPD para Farmácias de Manipulação,,,root,Farmacia de Manipulacao,Pasta/POP,Biblioteca POPs,06. Manipulacao,POPs_LGPD para Farmácias de Manipulação,POPS-LGPD-PARA-FARMACIAS-DE-MANIPULACAO,SIM,PLANEJADO,REVISAR,NAO,P0,NORMAL,ADMIN;RT,,INVENTARIADO,REVISAR,SIM,Item e pasta/colecao no Drive; listar arquivos internos antes de importar
0016,Google Drive/POPs_Manipulação Veterinária - Complementar MAPA-ANVISA,POPs_Manipulação Veterinária - Complementar MAPA-ANVISA,,,root,Farmacia de Manipulacao,Pasta/POP,Biblioteca POPs,06. Manipulacao,POPs_Manipulação Veterinária - Complementar MAPA-ANVISA,POPS-MANIPULACAO-VETERINARIA-COMPLEMENTAR-MAPA-A,SIM,PLANEJADO,REVISAR,NAO,P0,NORMAL,ADMIN;RT,,INVENTARIADO,REVISAR,SIM,Item e pasta/colecao no Drive; listar arquivos internos antes de importar
0017,Google Drive/POPs_Serviços e Consulta Farmacêutica,POPs_Serviços e Consulta Farmacêutica,,,root,Farmacia de Manipulacao,Pasta/POP,Biblioteca POPs,"09. Rotulagem, Conferencia e Dispensacao",POPs_Serviços e Consulta Farmacêutica,POPS-SERVICOS-E-CONSULTA-FARMACEUTICA,SIM,PLANEJADO,REVISAR,NAO,P0,NORMAL,ADMIN;RT,,INVENTARIADO,REVISAR,SIM,Item e pasta/colecao no Drive; listar arquivos internos antes de importar
0018,Google Drive/POPs+MBP_Drogarias/1.Manual de Boas Prática de Dispensação em Drogarias,1.Manual de Boas Prática de Dispensação em Drogarias,,,POPs+MBP_Drogarias,RQ's e MBP,Pasta/POP,Drogarias,01. Dispensacao,1,1-MANUAL-DE-BOAS-PRATICA-DE-DISPENSACAO-EM-DROGA,SIM,PLANEJADO,REVISAR,NAO,P0,NORMAL,ADMIN;RT,,INVENTARIADO,REVISAR,SIM,Item e pasta/colecao no Drive; listar arquivos internos antes de importar
0019,Google Drive/POPs+MBP_Drogarias/POP.001 Documentação Normativa,POP.001 Documentação Normativa,,,POPs+MBP_Drogarias,RQ's e MBP,Pasta/POP,Drogarias,Manual de Boas Praticas,POP,POP-001-DOCUMENTACAO-NORMATIVA,SIM,PLANEJADO,REVISAR,NAO,P0,NORMAL,ADMIN;RT,,INVENTARIADO,REVISAR,SIM,Item e pasta/colecao no Drive; listar arquivos internos antes de importar
0020,Google Drive/POPs+MBP_Drogarias/POP.002 Elab. Implementação de POPs,POP.002 Elab. Implementação de POPs,,,POPs+MBP_Drogarias,RQ's e MBP,Pasta/POP,Drogarias,Manual de Boas Praticas,POP.002 Elab,POP-002-ELAB-IMPLEMENTACAO-DE-POPS,SIM,PLANEJADO,REVISAR,NAO,P0,NORMAL,ADMIN;RT,,INVENTARIADO,REVISAR,SIM,Item e pasta/colecao no Drive; listar arquivos internos antes de importar
0021,Google Drive/POPs+MBP_Drogarias/POP.003 Organograma,POP.003 Organograma,,,POPs+MBP_Drogarias,RQ's e MBP,Pasta/POP,Drogarias,Manual de Boas Praticas,POP,POP-003-ORGANOGRAMA,SIM,PLANEJADO,REVISAR,NAO,P0,NORMAL,ADMIN;RT,,INVENTARIADO,REVISAR,SIM,Item e pasta/colecao no Drive; listar arquivos internos antes de importar
0022,Google Drive/POPs+MBP_Drogarias/POP.004 Organização e Pessoal,POP.004 Organização e Pessoal,,,POPs+MBP_Drogarias,RQ's e MBP,Pasta/POP,Drogarias,Manual de Boas Praticas,POP,POP-004-ORGANIZACAO-E-PESSOAL,SIM,PLANEJADO,REVISAR,NAO,P0,NORMAL,ADMIN;RT,,INVENTARIADO,REVISAR,SIM,Item e pasta/colecao no Drive; listar arquivos internos antes de importar
0023,Google Drive/POPs+MBP_Drogarias/POP.005 Recrutamento e Admissão,POP.005 Recrutamento e Admissão,,,POPs+MBP_Drogarias,RQ's e MBP,Pasta/POP,Drogarias,Manual de Boas Praticas,POP,POP-005-RECRUTAMENTO-E-ADMISSAO,SIM,PLANEJADO,REVISAR,NAO,P0,NORMAL,ADMIN;RT,,INVENTARIADO,REVISAR,SIM,Item e pasta/colecao no Drive; listar arquivos internos antes de importar
0024,"Google Drive/POPs+MBP_Drogarias/POP.006 PCMSO, Relatório Analítico e Exames Médicos","POP.006 PCMSO, Relatório Analítico e Exames Médicos",,,POPs+MBP_Drogarias,RQ's e MBP,Pasta/POP,Drogarias,Manual de Boas Praticas,POP,POP-006-PCMSO-RELATORIO-ANALITICO-E-EXAMES-MEDIC,SIM,PLANEJADO,REVISAR,NAO,P0,NORMAL,ADMIN;RT,,INVENTARIADO,REVISAR,SIM,Item e pasta/colecao no Drive; listar arquivos internos antes de importar
0025,"Google Drive/POPs+MBP_Drogarias/POP.007 LTCAT, PGR e EPIs","POP.007 LTCAT, PGR e EPIs",,,POPs+MBP_Drogarias,RQ's e MBP,Pasta/POP,Drogarias,09. Residuos,POP,POP-007-LTCAT-PGR-E-EPIS,SIM,PLANEJADO,REVISAR,NAO,P0,NORMAL,ADMIN;RT,,INVENTARIADO,REVISAR,SIM,Item e pasta/colecao no Drive; listar arquivos internos antes de importar
0026,Google Drive/POPs+MBP_Drogarias/POP.008 Atribuições do Farmacêutico,POP.008 Atribuições do Farmacêutico,,,POPs+MBP_Drogarias,RQ's e MBP,Pasta/POP,Drogarias,Manual de Boas Praticas,POP,POP-008-ATRIBUICOES-DO-FARMACEUTICO,SIM,PLANEJADO,REVISAR,NAO,P0,NORMAL,ADMIN;RT,,INVENTARIADO,REVISAR,SIM,Item e pasta/colecao no Drive; listar arquivos internos antes de importar
0027,Google Drive/POPs+MBP_Drogarias/POP.009 Atribuições da Gerência,POP.009 Atribuições da Gerência,,,POPs+MBP_Drogarias,RQ's e MBP,Pasta/POP,Drogarias,Manual de Boas Praticas,POP,POP-009-ATRIBUICOES-DA-GERENCIA,SIM,PLANEJADO,REVISAR,NAO,P0,NORMAL,ADMIN;RT,,INVENTARIADO,REVISAR,SIM,Item e pasta/colecao no Drive; listar arquivos internos antes de importar
0028,Google Drive/POPs+MBP_Drogarias/POP.010 Atribuições dos Balconistas,POP.010 Atribuições dos Balconistas,,,POPs+MBP_Drogarias,RQ's e MBP,Pasta/POP,Drogarias,Manual de Boas Praticas,POP,POP-010-ATRIBUICOES-DOS-BALCONISTAS,SIM,PLANEJADO,REVISAR,NAO,P0,NORMAL,ADMIN;RT,,INVENTARIADO,REVISAR,SIM,Item e pasta/colecao no Drive; listar arquivos internos antes de importar
0029,Google Drive/POPs+MBP_Drogarias/POP.011 Treinamento de Funcionários,POP.011 Treinamento de Funcionários,,,POPs+MBP_Drogarias,Treinamentos,Material didatico,Treinamentos,Boas Praticas e Controle de Qualidade,POP,POP-011-TREINAMENTO-DE-FUNCIONARIOS,REVISAR,OBRIGATORIO,REVISAR,NAO,P0,PRIORITARIO,ADMIN;RT;OPERADOR;COLABORADOR,,INVENTARIADO,IMPORTAR_COMO_TREINAMENTO,SIM,Item e pasta/colecao no Drive; listar arquivos internos antes de importar
0030,Google Drive/POPs+MBP_Drogarias/POP.012 Autoinspeção,POP.012 Autoinspeção,,,POPs+MBP_Drogarias,RQ's e MBP,Pasta/POP,Drogarias,Manual de Boas Praticas,POP,POP-012-AUTOINSPECAO,SIM,PLANEJADO,REVISAR,NAO,P0,NORMAL,ADMIN;RT,,INVENTARIADO,REVISAR,SIM,Item e pasta/colecao no Drive; listar arquivos internos antes de importar
0031,Google Drive/POPs+MBP_Drogarias/POP.013 Higiene Pessoal,POP.013 Higiene Pessoal,,,POPs+MBP_Drogarias,RQ's e MBP,Pasta/POP,Drogarias,07. Higiene e Limpeza,POP,POP-013-HIGIENE-PESSOAL,SIM,PLANEJADO,REVISAR,NAO,P0,NORMAL,ADMIN;RT,,INVENTARIADO,REVISAR,SIM,Item e pasta/colecao no Drive; listar arquivos internos antes de importar
0032,Google Drive/POPs+MBP_Drogarias/POP.014 Higienização das Mãos,POP.014 Higienização das Mãos,,,POPs+MBP_Drogarias,RQ's e MBP,Pasta/POP,Drogarias,Manual de Boas Praticas,POP,POP-014-HIGIENIZACAO-DAS-MAOS,SIM,PLANEJADO,REVISAR,NAO,P0,NORMAL,ADMIN;RT,,INVENTARIADO,REVISAR,SIM,Item e pasta/colecao no Drive; listar arquivos internos antes de importar
0033,Google Drive/POPs+MBP_Drogarias/POP.015 Uso e Conservação de EPIs e Uniformes,POP.015 Uso e Conservação de EPIs e Uniformes,,,POPs+MBP_Drogarias,RQ's e MBP,Pasta/POP,Drogarias,09. Residuos,POP,POP-015-USO-E-CONSERVACAO-DE-EPIS-E-UNIFORMES,SIM,PLANEJADO,REVISAR,NAO,P0,NORMAL,ADMIN;RT,,INVENTARIADO,REVISAR,SIM,Item e pasta/colecao no Drive; listar arquivos internos antes de importar
0034,Google Drive/POPs+MBP_Drogarias/POP.016 Manutenção e Calibração dos Equipamentos,POP.016 Manutenção e Calibração dos Equipamentos,,,POPs+MBP_Drogarias,RQ's e MBP,Pasta/POP,Drogarias,"08. Equipamentos, Calibracao e Manutencao",POP,POP-016-MANUTENCAO-E-CALIBRACAO-DOS-EQUIPAMENTOS,SIM,PLANEJADO,REVISAR,NAO,P0,NORMAL,ADMIN;RT,,INVENTARIADO,REVISAR,SIM,Item e pasta/colecao no Drive; listar arquivos internos antes de importar
0035,Google Drive/POPs+MBP_Drogarias/POP.017 Limpeza do Ar Condicionado,POP.017 Limpeza do Ar Condicionado,,,POPs+MBP_Drogarias,RQ's e MBP,Pasta/POP,Drogarias,07. Higiene e Limpeza,POP,POP-017-LIMPEZA-DO-AR-CONDICIONADO,SIM,PLANEJADO,REVISAR,NAO,P0,NORMAL,ADMIN;RT,,INVENTARIADO,REVISAR,SIM,Item e pasta/colecao no Drive; listar arquivos internos antes de importar
0036,Google Drive/POPs+MBP_Drogarias/POP.018 Limpeza da Geladeira e Congelador,POP.018 Limpeza da Geladeira e Congelador,,,POPs+MBP_Drogarias,RQ's e MBP,Pasta/POP,Drogarias,07. Higiene e Limpeza,POP,POP-018-LIMPEZA-DA-GELADEIRA-E-CONGELADOR,SIM,PLANEJADO,REVISAR,NAO,P0,NORMAL,ADMIN;RT,,INVENTARIADO,REVISAR,SIM,Item e pasta/colecao no Drive; listar arquivos internos antes de importar
0037,Google Drive/POPs+MBP_Drogarias/POP.019 Limpeza Diária dos Ambientes,POP.019 Limpeza Diária dos Ambientes,,,POPs+MBP_Drogarias,RQ's e MBP,Pasta/POP,Drogarias,07. Higiene e Limpeza,POP,POP-019-LIMPEZA-DIARIA-DOS-AMBIENTES,SIM,PLANEJADO,REVISAR,NAO,P0,NORMAL,ADMIN;RT,,INVENTARIADO,REVISAR,SIM,Item e pasta/colecao no Drive; listar arquivos internos antes de importar
0038,Google Drive/POPs+MBP_Drogarias/POP.020 Limpeza da Sala de Serviços Farmacêuticos,POP.020 Limpeza da Sala de Serviços Farmacêuticos,,,POPs+MBP_Drogarias,RQ's e MBP,Pasta/POP,Drogarias,07. Higiene e Limpeza,POP,POP-020-LIMPEZA-DA-SALA-DE-SERVICOS-FARMACEUTICO,SIM,PLANEJADO,REVISAR,NAO,P0,NORMAL,ADMIN;RT,,INVENTARIADO,REVISAR,SIM,Item e pasta/colecao no Drive; listar arquivos internos antes de importar
0039,Google Drive/POPs+MBP_Drogarias/POP.021 Descarte de Resíduo e Retirada do Lixo,POP.021 Descarte de Resíduo e Retirada do Lixo,,,POPs+MBP_Drogarias,RQ's e MBP,Pasta/POP,Drogarias,09. Residuos,POP,POP-021-DESCARTE-DE-RESIDUO-E-RETIRADA-DO-LIXO,SIM,PLANEJADO,REVISAR,NAO,P0,NORMAL,ADMIN;RT,,INVENTARIADO,REVISAR,SIM,Item e pasta/colecao no Drive; listar arquivos internos antes de importar
0040,Google Drive/POPs+MBP_Drogarias/POP.022 Monitoramento da Temperatura e Umidade,POP.022 Monitoramento da Temperatura e Umidade,,,POPs+MBP_Drogarias,RQ's e MBP,Pasta/POP,Drogarias,Manual de Boas Praticas,POP,POP-022-MONITORAMENTO-DA-TEMPERATURA-E-UMIDADE,SIM,PLANEJADO,REVISAR,NAO,P0,NORMAL,ADMIN;RT,,INVENTARIADO,REVISAR,SIM,Item e pasta/colecao no Drive; listar arquivos internos antes de importar
0041,Google Drive/POPs+MBP_Drogarias/POP.023 Termo-Higrômetro,POP.023 Termo-Higrômetro,,,POPs+MBP_Drogarias,RQ's e MBP,Pasta/POP,Drogarias,"08. Equipamentos, Calibracao e Manutencao",POP,POP-023-TERMO-HIGROMETRO,SIM,PLANEJADO,REVISAR,NAO,P0,NORMAL,ADMIN;RT,,INVENTARIADO,REVISAR,SIM,Item e pasta/colecao no Drive; listar arquivos internos antes de importar
0042,Google Drive/POPs+MBP_Drogarias/POP.024 Manutenção Extintores de Incêndio,POP.024 Manutenção Extintores de Incêndio,,,POPs+MBP_Drogarias,RQ's e MBP,Pasta/POP,Drogarias,"08. Equipamentos, Calibracao e Manutencao",POP,POP-024-MANUTENCAO-EXTINTORES-DE-INCENDIO,SIM,PLANEJADO,REVISAR,NAO,P0,NORMAL,ADMIN;RT,,INVENTARIADO,REVISAR,SIM,Item e pasta/colecao no Drive; listar arquivos internos antes de importar
0043,Google Drive/POPs+MBP_Drogarias/POP.025 Programa de Controle de Pragas,POP.025 Programa de Controle de Pragas,,,POPs+MBP_Drogarias,RQ's e MBP,Pasta/POP,Drogarias,Manual de Boas Praticas,POP,POP-025-PROGRAMA-DE-CONTROLE-DE-PRAGAS,SIM,PLANEJADO,REVISAR,NAO,P0,NORMAL,ADMIN;RT,,INVENTARIADO,REVISAR,SIM,Item e pasta/colecao no Drive; listar arquivos internos antes de importar
0044,Google Drive/POPs+MBP_Drogarias/POP.026 Limpeza das Caixas d'água,POP.026 Limpeza das Caixas d'água,,,POPs+MBP_Drogarias,RQ's e MBP,Pasta/POP,Drogarias,07. Higiene e Limpeza,POP,POP-026-LIMPEZA-DAS-CAIXAS-D-AGUA,SIM,PLANEJADO,REVISAR,NAO,P0,NORMAL,ADMIN;RT,,INVENTARIADO,REVISAR,SIM,Item e pasta/colecao no Drive; listar arquivos internos antes de importar
0045,Google Drive/POPs+MBP_Drogarias/POP.031 Comercialização de Alimentos,POP.031 Comercialização de Alimentos,,,POPs+MBP_Drogarias,RQ's e MBP,Pasta/POP,Drogarias,Manual de Boas Praticas,POP,POP-031-COMERCIALIZACAO-DE-ALIMENTOS,SIM,PLANEJADO,REVISAR,NAO,P0,NORMAL,ADMIN;RT,,INVENTARIADO,REVISAR,SIM,Item e pasta/colecao no Drive; listar arquivos internos antes de importar
0046,Google Drive/POPs+MBP_Drogarias/POP.036 Armazenamento de Antimicrobianos e Port. 344,POP.036 Armazenamento de Antimicrobianos e Port. 344,,,POPs+MBP_Drogarias,RQ's e MBP,Pasta/POP,Drogarias,04. Recebimento e Armazenamento,POP.036 Armazenamento de Antimicrobianos e Port,POP-036-ARMAZENAMENTO-DE-ANTIMICROBIANOS-E-PORT-,SIM,PLANEJADO,REVISAR,NAO,P0,NORMAL,ADMIN;RT,,INVENTARIADO,REVISAR,SIM,Item e pasta/colecao no Drive; listar arquivos internos antes de importar
0047,Google Drive/POPs+MBP_Drogarias/POP.037 Armazenamento de MIPs,POP.037 Armazenamento de MIPs,,,POPs+MBP_Drogarias,RQ's e MBP,Pasta/POP,Drogarias,04. Recebimento e Armazenamento,POP,POP-037-ARMAZENAMENTO-DE-MIPS,SIM,PLANEJADO,REVISAR,NAO,P0,NORMAL,ADMIN;RT,,INVENTARIADO,REVISAR,SIM,Item e pasta/colecao no Drive; listar arquivos internos antes de importar
0048,Google Drive/POPs+MBP_Drogarias/POP.039 Dispensação por Receita Digital,POP.039 Dispensação por Receita Digital,,,POPs+MBP_Drogarias,RQ's e MBP,Pasta/POP,Drogarias,01. Dispensacao,POP,POP-039-DISPENSACAO-POR-RECEITA-DIGITAL,SIM,PLANEJADO,REVISAR,NAO,P0,NORMAL,ADMIN;RT,,INVENTARIADO,REVISAR,SIM,Item e pasta/colecao no Drive; listar arquivos internos antes de importar
0049,Google Drive/POPs+MBP_Drogarias/POP.040 Intercambialidade de Medicamentos,POP.040 Intercambialidade de Medicamentos,,,POPs+MBP_Drogarias,RQ's e MBP,Pasta/POP,Drogarias,Manual de Boas Praticas,POP,POP-040-INTERCAMBIALIDADE-DE-MEDICAMENTOS,SIM,PLANEJADO,REVISAR,NAO,P0,NORMAL,ADMIN;RT,,INVENTARIADO,REVISAR,SIM,Item e pasta/colecao no Drive; listar arquivos internos antes de importar
0050,Google Drive/POPs+MBP_Drogarias/POP.041 Avaliação da Prescrição - Prevenção de Erros,POP.041 Avaliação da Prescrição - Prevenção de Erros,,,POPs+MBP_Drogarias,RQ's e MBP,Pasta/POP,Drogarias,Manual de Boas Praticas,POP,POP-041-AVALIACAO-DA-PRESCRICAO-PREVENCAO-DE-ERR,SIM,PLANEJADO,REVISAR,NAO,P0,NORMAL,ADMIN;RT,,INVENTARIADO,REVISAR,SIM,Item e pasta/colecao no Drive; listar arquivos internos antes de importar
0051,Google Drive/POPs+MBP_Drogarias/POP.042 Entrega em Domicílio,POP.042 Entrega em Domicílio,,,POPs+MBP_Drogarias,RQ's e MBP,Pasta/POP,Drogarias,Manual de Boas Praticas,POP,POP-042-ENTREGA-EM-DOMICILIO,SIM,PLANEJADO,REVISAR,NAO,P0,NORMAL,ADMIN;RT,,INVENTARIADO,REVISAR,SIM,Item e pasta/colecao no Drive; listar arquivos internos antes de importar
0052,Google Drive/POPs+MBP_Drogarias/POP.044 Mercadorias Avariadas ou Vencidas,POP.044 Mercadorias Avariadas ou Vencidas,,,POPs+MBP_Drogarias,RQ's e MBP,Pasta/POP,Drogarias,"10. Nao Conformidades, Reclamacoes e Recolhimento",POP,POP-044-MERCADORIAS-AVARIADAS-OU-VENCIDAS,SIM,PLANEJADO,REVISAR,NAO,P0,NORMAL,ADMIN;RT,,INVENTARIADO,REVISAR,SIM,Item e pasta/colecao no Drive; listar arquivos internos antes de importar
0053,Google Drive/POPs+MBP_Drogarias/POP.045 Medicamentos Falsificados,POP.045 Medicamentos Falsificados,,,POPs+MBP_Drogarias,RQ's e MBP,Pasta/POP,Drogarias,"10. Nao Conformidades, Reclamacoes e Recolhimento",POP,POP-045-MEDICAMENTOS-FALSIFICADOS,SIM,PLANEJADO,REVISAR,NAO,P0,NORMAL,ADMIN;RT,,INVENTARIADO,REVISAR,SIM,Item e pasta/colecao no Drive; listar arquivos internos antes de importar
0054,Google Drive/POPs+MBP_Drogarias/POP.046 Devolução de Produtos ao Fornecedor,POP.046 Devolução de Produtos ao Fornecedor,,,POPs+MBP_Drogarias,RQ's e MBP,Pasta/POP,Drogarias,05. Materias-primas e Fornecedores,POP,POP-046-DEVOLUCAO-DE-PRODUTOS-AO-FORNECEDOR,SIM,PLANEJADO,REVISAR,NAO,P0,NORMAL,ADMIN;RT,,INVENTARIADO,REVISAR,SIM,Item e pasta/colecao no Drive; listar arquivos internos antes de importar
0055,Google Drive/POPs+MBP_Drogarias/POP.047 Devolução de Produtos dos Clientes,POP.047 Devolução de Produtos dos Clientes,,,POPs+MBP_Drogarias,RQ's e MBP,Pasta/POP,Drogarias,Manual de Boas Praticas,POP,POP-047-DEVOLUCAO-DE-PRODUTOS-DOS-CLIENTES,SIM,PLANEJADO,REVISAR,NAO,P0,NORMAL,ADMIN;RT,,INVENTARIADO,REVISAR,SIM,Item e pasta/colecao no Drive; listar arquivos internos antes de importar
0056,Google Drive/POPs+MBP_Drogarias/POP.048 Aplicação de Injetáveis - Agulhas e Seringas,POP.048 Aplicação de Injetáveis - Agulhas e Seringas,,,POPs+MBP_Drogarias,RQ's e MBP,Pasta/POP,Drogarias,06. Servicos Farmaceuticos,POP,POP-048-APLICACAO-DE-INJETAVEIS-AGULHAS-E-SERING,SIM,PLANEJADO,REVISAR,NAO,P0,NORMAL,ADMIN;RT,,INVENTARIADO,REVISAR,SIM,Item e pasta/colecao no Drive; listar arquivos internos antes de importar
0057,Google Drive/POPs+MBP_Drogarias/POP.049 Aplicação de Injetáveis - Preparação,POP.049 Aplicação de Injetáveis - Preparação,,,POPs+MBP_Drogarias,RQ's e MBP,Pasta/POP,Drogarias,06. Servicos Farmaceuticos,POP,POP-049-APLICACAO-DE-INJETAVEIS-PREPARACAO,SIM,PLANEJADO,REVISAR,NAO,P0,NORMAL,ADMIN;RT,,INVENTARIADO,REVISAR,SIM,Item e pasta/colecao no Drive; listar arquivos internos antes de importar
0058,Google Drive/POPs+MBP_Drogarias/POP.050 Aplicação de Injetáveis - Vias de Administração,POP.050 Aplicação de Injetáveis - Vias de Administração,,,POPs+MBP_Drogarias,RQ's e MBP,Pasta/POP,Drogarias,06. Servicos Farmaceuticos,POP,POP-050-APLICACAO-DE-INJETAVEIS-VIAS-DE-ADMINIST,SIM,PLANEJADO,REVISAR,NAO,P0,NORMAL,ADMIN;RT,,INVENTARIADO,REVISAR,SIM,Item e pasta/colecao no Drive; listar arquivos internos antes de importar
0059,Google Drive/POPs+MBP_Drogarias/POP.051 Monitoramento da Glicemia Capilar,POP.051 Monitoramento da Glicemia Capilar,,,POPs+MBP_Drogarias,RQ's e MBP,Pasta/POP,Drogarias,Manual de Boas Praticas,POP,POP-051-MONITORAMENTO-DA-GLICEMIA-CAPILAR,SIM,PLANEJADO,REVISAR,NAO,P0,NORMAL,ADMIN;RT,,INVENTARIADO,REVISAR,SIM,Item e pasta/colecao no Drive; listar arquivos internos antes de importar
0060,Google Drive/POPs+MBP_Drogarias/POP.052 Monitoramento da Pressão Arterial,POP.052 Monitoramento da Pressão Arterial,,,POPs+MBP_Drogarias,RQ's e MBP,Pasta/POP,Drogarias,Manual de Boas Praticas,POP,POP-052-MONITORAMENTO-DA-PRESSAO-ARTERIAL,SIM,PLANEJADO,REVISAR,NAO,P0,NORMAL,ADMIN;RT,,INVENTARIADO,REVISAR,SIM,Item e pasta/colecao no Drive; listar arquivos internos antes de importar
0061,Google Drive/POPs+MBP_Drogarias/POP.053 Aferição da Temperatura Corporal,POP.053 Aferição da Temperatura Corporal,,,POPs+MBP_Drogarias,RQ's e MBP,Pasta/POP,Drogarias,Manual de Boas Praticas,POP,POP-053-AFERICAO-DA-TEMPERATURA-CORPORAL,SIM,PLANEJADO,REVISAR,NAO,P0,NORMAL,ADMIN;RT,,INVENTARIADO,REVISAR,SIM,Item e pasta/colecao no Drive; listar arquivos internos antes de importar
0062,Google Drive/POPs+MBP_Drogarias/POP.054 Inaloterapia,POP.054 Inaloterapia,,,POPs+MBP_Drogarias,RQ's e MBP,Pasta/POP,Drogarias,Manual de Boas Praticas,POP,POP-054-INALOTERAPIA,SIM,PLANEJADO,REVISAR,NAO,P0,NORMAL,ADMIN;RT,,INVENTARIADO,REVISAR,SIM,Item e pasta/colecao no Drive; listar arquivos internos antes de importar
0063,Google Drive/POPs+MBP_Drogarias/POP.055 Perfuração de Lóbulo Auricular para Brincos,POP.055 Perfuração de Lóbulo Auricular para Brincos,,,POPs+MBP_Drogarias,RQ's e MBP,Pasta/POP,Drogarias,Manual de Boas Praticas,POP,POP-055-PERFURACAO-DE-LOBULO-AURICULAR-PARA-BRIN,SIM,PLANEJADO,REVISAR,NAO,P0,NORMAL,ADMIN;RT,,INVENTARIADO,REVISAR,SIM,Item e pasta/colecao no Drive; listar arquivos internos antes de importar
0064,Google Drive/POPs+MBP_Drogarias/POP.056 Saturação de Oxigênio,POP.056 Saturação de Oxigênio,,,POPs+MBP_Drogarias,RQ's e MBP,Pasta/POP,Drogarias,Manual de Boas Praticas,POP,POP-056-SATURACAO-DE-OXIGENIO,SIM,PLANEJADO,REVISAR,NAO,P0,NORMAL,ADMIN;RT,,INVENTARIADO,REVISAR,SIM,Item e pasta/colecao no Drive; listar arquivos internos antes de importar
0065,Google Drive/POPs+MBP_Drogarias/POP.057 Vacinação,POP.057 Vacinação,,,POPs+MBP_Drogarias,RQ's e MBP,Pasta/POP,Drogarias,06. Servicos Farmaceuticos,POP,POP-057-VACINACAO,SIM,PLANEJADO,REVISAR,NAO,P0,NORMAL,ADMIN;RT,,INVENTARIADO,REVISAR,SIM,Item e pasta/colecao no Drive; listar arquivos internos antes de importar
0066,Google Drive/POPs+MBP_Drogarias/POP.058 Acidentes com Perfurocortantes,POP.058 Acidentes com Perfurocortantes,,,POPs+MBP_Drogarias,RQ's e MBP,Pasta/POP,Drogarias,09. Residuos,POP,POP-058-ACIDENTES-COM-PERFUROCORTANTES,SIM,PLANEJADO,REVISAR,NAO,P0,NORMAL,ADMIN;RT,,INVENTARIADO,REVISAR,SIM,Item e pasta/colecao no Drive; listar arquivos internos antes de importar
0067,Google Drive/POPs+MBP_Drogarias/POP.059 Atenção Farmacêutica,POP.059 Atenção Farmacêutica,,,POPs+MBP_Drogarias,RQ's e MBP,Pasta/POP,Drogarias,06. Servicos Farmaceuticos,POP,POP-059-ATENCAO-FARMACEUTICA,SIM,PLANEJADO,REVISAR,NAO,P0,NORMAL,ADMIN;RT,,INVENTARIADO,REVISAR,SIM,Item e pasta/colecao no Drive; listar arquivos internos antes de importar
0068,Google Drive/POPs+MBP_Drogarias/POP.060 Consulta Farmacêutica,POP.060 Consulta Farmacêutica,,,POPs+MBP_Drogarias,RQ's e MBP,Pasta/POP,Drogarias,06. Servicos Farmaceuticos,POP,POP-060-CONSULTA-FARMACEUTICA,SIM,PLANEJADO,REVISAR,NAO,P0,NORMAL,ADMIN;RT,,INVENTARIADO,REVISAR,SIM,Item e pasta/colecao no Drive; listar arquivos internos antes de importar
0069,Google Drive/POPs+MBP_Drogarias/POP.061 Farmacovigilância,POP.061 Farmacovigilância,,,POPs+MBP_Drogarias,RQ's e MBP,Pasta/POP,Drogarias,Manual de Boas Praticas,POP,POP-061-FARMACOVIGILANCIA,SIM,PLANEJADO,REVISAR,NAO,P0,NORMAL,ADMIN;RT,,INVENTARIADO,REVISAR,SIM,Item e pasta/colecao no Drive; listar arquivos internos antes de importar
0070,Google Drive/POPs+MBP_Drogarias/POP.062 Prescrição Farmacêutica,POP.062 Prescrição Farmacêutica,,,POPs+MBP_Drogarias,RQ's e MBP,Pasta/POP,Drogarias,06. Servicos Farmaceuticos,POP,POP-062-PRESCRICAO-FARMACEUTICA,SIM,PLANEJADO,REVISAR,NAO,P0,NORMAL,ADMIN;RT,,INVENTARIADO,REVISAR,SIM,Item e pasta/colecao no Drive; listar arquivos internos antes de importar
0071,Google Drive/POPs+MBP_Drogarias/POPs+MBP_Drogarias.zip,POPs+MBP_Drogarias.zip,zip,,POPs+MBP_Drogarias,RQ's e MBP,POP,Drogarias,Manual de Boas Praticas,POPs+MBP_Drogarias,POPS-MBP-DROGARIAS-ZIP,SIM,PLANEJADO,REVISAR,NAO,P0,NORMAL,ADMIN;RT,,INVENTARIADO,REVISAR,SIM,ZIP deve ser extraido/listado antes da importacao
0072,Drive complementar/MBP Farmacia Manipulacao/farmacopeia-6-edicao,farmacopeia-6-edicao,,,Drive complementar/MBP Farmacia Manipulacao,Farmacia de Manipulacao,Referencia tecnica,Biblioteca POPs,07. Controle de Qualidade,farmacopeia-6-edicao,FARMACOPEIA-6-EDICAO,SIM,NAO,NAO,NAO,P0,NAO_APLICA,ADMIN;RT,,INVENTARIADO,IMPORTAR_COMO_REFERENCIA,SIM,Lote complementar informado pelo usuario; revisar antes de importar
0073,Drive complementar/MBP Farmacia Manipulacao/MANUAL 3 - Controle de Qualidade,MANUAL 3 - Controle de Qualidade,,,Drive complementar/MBP Farmacia Manipulacao,Farmacia de Manipulacao,Pasta/Colecao,Biblioteca POPs,07. Controle de Qualidade,MANUAL 3 - Controle de Qualidade,MANUAL-3-CONTROLE-DE-QUALIDADE,REVISAR,NAO,NAO,NAO,P1,NAO_APLICA,ADMIN;RT,,INVENTARIADO,REVISAR,SIM,Lote complementar informado pelo usuario; revisar antes de importar
0074,Drive complementar/MBP Farmacia Manipulacao/MANUAL 2 - Atendimento e Dispensação,MANUAL 2 - Atendimento e Dispensação,,,Drive complementar/MBP Farmacia Manipulacao,Drogarias,Pasta/Colecao,Drogarias,01. Dispensacao,MANUAL 2 - Atendimento e Dispensação,MANUAL-2-ATENDIMENTO-E-DISPENSACAO,REVISAR,NAO,NAO,NAO,P1,NAO_APLICA,ADMIN;RT,,INVENTARIADO,REVISAR,SIM,Lote complementar informado pelo usuario; revisar antes de importar
0075,Drive complementar/MBP Farmacia Manipulacao/MANUAL 4 - Manipulação Preparação Magistrais,MANUAL 4 - Manipulação Preparação Magistrais,,,Drive complementar/MBP Farmacia Manipulacao,Farmacia de Manipulacao,Pasta/Colecao,Biblioteca POPs,06. Manipulacao,MANUAL 4 - Manipulação Preparação Magistrais,MANUAL-4-MANIPULACAO-PREPARACAO-MAGISTRAIS,REVISAR,NAO,NAO,NAO,P1,NAO_APLICA,ADMIN;RT,,INVENTARIADO,REVISAR,SIM,Lote complementar informado pelo usuario; revisar antes de importar
0076,Drive complementar/MBP Farmacia Manipulacao/MBP Farmácia de Manipulação-Completo,MBP Farmácia de Manipulação-Completo,,,Drive complementar/MBP Farmacia Manipulacao,Farmacia de Manipulacao,Pasta/Colecao,RQ's e MBP,06. Manipulacao,MBP Farmácia de Manipulação-Completo,MBP-FARMACIA-DE-MANIPULACAO-COMPLETO,REVISAR,NAO,NAO,NAO,P1,NAO_APLICA,ADMIN;RT,,INVENTARIADO,REVISAR,SIM,Lote complementar informado pelo usuario; revisar antes de importar
0077,Drive complementar/MBP Farmacia Manipulacao/Capa Introdução e Lista Mestra,Capa Introdução e Lista Mestra,,,Drive complementar/MBP Farmacia Manipulacao,Farmacia de Manipulacao,Pasta/Colecao,Biblioteca POPs,01. Gestao da Qualidade,Capa Introdução e Lista Mestra,CAPA-INTRODUCAO-E-LISTA-MESTRA,REVISAR,NAO,NAO,NAO,P1,NAO_APLICA,ADMIN;RT,,INVENTARIADO,REVISAR,SIM,Lote complementar informado pelo usuario; revisar antes de importar
0078,Drive complementar/MBP Farmacia Manipulacao/MANUAL 1 - Aspectos Organizacionais,MANUAL 1 - Aspectos Organizacionais,,,Drive complementar/MBP Farmacia Manipulacao,Farmacia de Manipulacao,Pasta/Colecao,Biblioteca POPs,01. Gestao da Qualidade,MANUAL 1 - Aspectos Organizacionais,MANUAL-1-ASPECTOS-ORGANIZACIONAIS,REVISAR,NAO,NAO,NAO,P1,NAO_APLICA,ADMIN;RT,,INVENTARIADO,REVISAR,SIM,Lote complementar informado pelo usuario; revisar antes de importar
0079,Drive complementar/MBP Farmacia Manipulacao/POP.090.1 Determinação do Peso Médio de Caps,POP.090.1 Determinação do Peso Médio de Caps,,,Drive complementar/MBP Farmacia Manipulacao,Farmacia de Manipulacao,Pasta/POP,Biblioteca POPs,07. Controle de Qualidade,POP.090,POP-090-1-DETERMINACAO-DO-PESO-MEDIO-DE-CAPS,SIM,PLANEJADO,REVISAR,NAO,P0,NORMAL,ADMIN;RT,,INVENTARIADO,REVISAR,SIM,Lote complementar informado pelo usuario; revisar antes de importar
0080,Drive complementar/MBP Farmacia Manipulacao/Capa Introdução e Lista Mestra 4.docx,Capa Introdução e Lista Mestra 4.docx,docx,,Drive complementar/MBP Farmacia Manipulacao,Farmacia de Manipulacao,Colecao,Biblioteca POPs,01. Gestao da Qualidade,Capa Introdução e Lista Mestra 4,CAPA-INTRODUCAO-E-LISTA-MESTRA-4-DOCX,REVISAR,NAO,NAO,NAO,P1,NAO_APLICA,ADMIN;RT,,INVENTARIADO,REVISAR,SIM,Lote complementar informado pelo usuario; revisar antes de importar
0081,Drive complementar/MBP Farmacia Manipulacao/Capa Introdução e Lista Mestra 3.docx,Capa Introdução e Lista Mestra 3.docx,docx,,Drive complementar/MBP Farmacia Manipulacao,Farmacia de Manipulacao,Colecao,Biblioteca POPs,01. Gestao da Qualidade,Capa Introdução e Lista Mestra 3,CAPA-INTRODUCAO-E-LISTA-MESTRA-3-DOCX,REVISAR,NAO,NAO,NAO,P1,NAO_APLICA,ADMIN;RT,,INVENTARIADO,REVISAR,SIM,Lote complementar informado pelo usuario; revisar antes de importar
0082,Drive complementar/MBP Farmacia Manipulacao/Capa Introdução e Lista Mestra 2.docx,Capa Introdução e Lista Mestra 2.docx,docx,,Drive complementar/MBP Farmacia Manipulacao,Farmacia de Manipulacao,Colecao,Biblioteca POPs,01. Gestao da Qualidade,Capa Introdução e Lista Mestra 2,CAPA-INTRODUCAO-E-LISTA-MESTRA-2-DOCX,REVISAR,NAO,NAO,NAO,P1,NAO_APLICA,ADMIN;RT,,INVENTARIADO,REVISAR,SIM,Lote complementar informado pelo usuario; revisar antes de importar
0083,Drive complementar/MBP Farmacia Manipulacao/Capa Introdução e Lista Mestra 1.docx,Capa Introdução e Lista Mestra 1.docx,docx,,Drive complementar/MBP Farmacia Manipulacao,Farmacia de Manipulacao,Colecao,Biblioteca POPs,01. Gestao da Qualidade,Capa Introdução e Lista Mestra 1,CAPA-INTRODUCAO-E-LISTA-MESTRA-1-DOCX,REVISAR,NAO,NAO,NAO,P1,NAO_APLICA,ADMIN;RT,,INVENTARIADO,REVISAR,SIM,Lote complementar informado pelo usuario; revisar antes de importar
0084,Drive complementar/POPs MBP Drogarias/1.Manual de Boas Prática de Dispensação em Drogarias,1.Manual de Boas Prática de Dispensação em Drogarias,,,Drive complementar/POPs MBP Drogarias,Drogarias,Pasta/Colecao,Drogarias,01. Dispensacao,1,1-MANUAL-DE-BOAS-PRATICA-DE-DISPENSACAO-EM-DROGARIAS,REVISAR,NAO,NAO,NAO,P1,NAO_APLICA,ADMIN;RT,,INVENTARIADO,REVISAR,SIM,Lote complementar informado pelo usuario; revisar antes de importar; possivel sobreposicao com item ja inventariado por nome/origem anterior
0085,Drive complementar/POPs MBP Drogarias/POP.005 Recrutamento e Admissão,POP.005 Recrutamento e Admissão,,,Drive complementar/POPs MBP Drogarias,Drogarias,Pasta/POP,Drogarias,01. Gestao da Qualidade,POP,POP-005-RECRUTAMENTO-E-ADMISSAO,SIM,PLANEJADO,REVISAR,NAO,P0,NORMAL,ADMIN;RT,,INVENTARIADO,REVISAR,SIM,Lote complementar informado pelo usuario; revisar antes de importar; possivel sobreposicao com item ja inventariado por nome/origem anterior
0086,Drive complementar/POPs MBP Drogarias/Capa Introdução e Lista Mestra,Capa Introdução e Lista Mestra,,,Drive complementar/POPs MBP Drogarias,Drogarias,Pasta/Colecao,Drogarias,01. Gestao da Qualidade,Capa Introdução e Lista Mestra,CAPA-INTRODUCAO-E-LISTA-MESTRA,REVISAR,NAO,NAO,NAO,P1,NAO_APLICA,ADMIN;RT,,INVENTARIADO,REVISAR,SIM,Lote complementar informado pelo usuario; revisar antes de importar
0087,Drive complementar/POPs MBP Drogarias/POP.001 Documentação Normativa,POP.001 Documentação Normativa,,,Drive complementar/POPs MBP Drogarias,Drogarias,Pasta/POP,Drogarias,01. Gestao da Qualidade,POP,POP-001-DOCUMENTACAO-NORMATIVA,SIM,PLANEJADO,REVISAR,NAO,P0,NORMAL,ADMIN;RT,,INVENTARIADO,REVISAR,SIM,Lote complementar informado pelo usuario; revisar antes de importar; possivel sobreposicao com item ja inventariado por nome/origem anterior
0088,Drive complementar/POPs MBP Drogarias/POP.003 Organograma,POP.003 Organograma,,,Drive complementar/POPs MBP Drogarias,Drogarias,Pasta/POP,Drogarias,01. Gestao da Qualidade,POP,POP-003-ORGANOGRAMA,SIM,PLANEJADO,REVISAR,NAO,P0,NORMAL,ADMIN;RT,,INVENTARIADO,REVISAR,SIM,Lote complementar informado pelo usuario; revisar antes de importar; possivel sobreposicao com item ja inventariado por nome/origem anterior
0089,"Drive complementar/POPs MBP Drogarias/POP.006 PCMSO, Relatório Analítico e Exames Médicos","POP.006 PCMSO, Relatório Analítico e Exames Médicos",,,Drive complementar/POPs MBP Drogarias,Drogarias,Pasta/POP,Drogarias,01. Gestao da Qualidade,POP,POP-006-PCMSO-RELATORIO-ANALITICO-E-EXAMES-MEDICOS,SIM,PLANEJADO,REVISAR,NAO,P0,NORMAL,ADMIN;RT,,INVENTARIADO,REVISAR,SIM,Lote complementar informado pelo usuario; revisar antes de importar; possivel sobreposicao com item ja inventariado por nome/origem anterior
0090,Drive complementar/POPs MBP Drogarias/POP.002 Elab. Implementação de POPs,POP.002 Elab. Implementação de POPs,,,Drive complementar/POPs MBP Drogarias,Drogarias,Pasta/POP,Drogarias,01. Gestao da Qualidade,POP.002 Elab,POP-002-ELAB-IMPLEMENTACAO-DE-POPS,SIM,PLANEJADO,REVISAR,NAO,P0,NORMAL,ADMIN;RT,,INVENTARIADO,REVISAR,SIM,Lote complementar informado pelo usuario; revisar antes de importar; possivel sobreposicao com item ja inventariado por nome/origem anterior
0091,Drive complementar/POPs MBP Drogarias/POP.004 Organização e Pessoal,POP.004 Organização e Pessoal,,,Drive complementar/POPs MBP Drogarias,Drogarias,Pasta/POP,Drogarias,01. Gestao da Qualidade,POP,POP-004-ORGANIZACAO-E-PESSOAL,SIM,PLANEJADO,REVISAR,NAO,P0,NORMAL,ADMIN;RT,,INVENTARIADO,REVISAR,SIM,Lote complementar informado pelo usuario; revisar antes de importar; possivel sobreposicao com item ja inventariado por nome/origem anterior
0092,Drive complementar/POPs MBP Drogarias/POP.009 Atribuições da Gerência,POP.009 Atribuições da Gerência,,,Drive complementar/POPs MBP Drogarias,Drogarias,Pasta/POP,Drogarias,01. Gestao da Qualidade,POP,POP-009-ATRIBUICOES-DA-GERENCIA,SIM,PLANEJADO,REVISAR,NAO,P0,NORMAL,ADMIN;RT,,INVENTARIADO,REVISAR,SIM,Lote complementar informado pelo usuario; revisar antes de importar; possivel sobreposicao com item ja inventariado por nome/origem anterior
0093,Drive complementar/POPs MBP Drogarias/POP.010 Atribuições dos Balconistas,POP.010 Atribuições dos Balconistas,,,Drive complementar/POPs MBP Drogarias,Drogarias,Pasta/POP,Drogarias,01. Gestao da Qualidade,POP,POP-010-ATRIBUICOES-DOS-BALCONISTAS,SIM,PLANEJADO,REVISAR,NAO,P0,NORMAL,ADMIN;RT,,INVENTARIADO,REVISAR,SIM,Lote complementar informado pelo usuario; revisar antes de importar; possivel sobreposicao com item ja inventariado por nome/origem anterior
0094,Drive complementar/POPs MBP Drogarias/POP.012 Autoinspeção,POP.012 Autoinspeção,,,Drive complementar/POPs MBP Drogarias,Drogarias,Pasta/POP,Drogarias,01. Gestao da Qualidade,POP,POP-012-AUTOINSPECAO,SIM,PLANEJADO,REVISAR,NAO,P0,NORMAL,ADMIN;RT,,INVENTARIADO,REVISAR,SIM,Lote complementar informado pelo usuario; revisar antes de importar; possivel sobreposicao com item ja inventariado por nome/origem anterior
0095,Drive complementar/POPs MBP Drogarias/POP.014 Higienização das Mãos,POP.014 Higienização das Mãos,,,Drive complementar/POPs MBP Drogarias,Drogarias,Pasta/POP,Drogarias,01. Gestao da Qualidade,POP,POP-014-HIGIENIZACAO-DAS-MAOS,SIM,PLANEJADO,REVISAR,NAO,P0,NORMAL,ADMIN;RT,,INVENTARIADO,REVISAR,SIM,Lote complementar informado pelo usuario; revisar antes de importar; possivel sobreposicao com item ja inventariado por nome/origem anterior
0096,Drive complementar/POPs MBP Drogarias/POP.008 Atribuições do Farmacêutico,POP.008 Atribuições do Farmacêutico,,,Drive complementar/POPs MBP Drogarias,Drogarias,Pasta/POP,Drogarias,01. Gestao da Qualidade,POP,POP-008-ATRIBUICOES-DO-FARMACEUTICO,SIM,PLANEJADO,REVISAR,NAO,P0,NORMAL,ADMIN;RT,,INVENTARIADO,REVISAR,SIM,Lote complementar informado pelo usuario; revisar antes de importar; possivel sobreposicao com item ja inventariado por nome/origem anterior
0097,Drive complementar/POPs MBP Drogarias/POP.011 Treinamento de Funcionários,POP.011 Treinamento de Funcionários,,,Drive complementar/POPs MBP Drogarias,Drogarias,Material didatico,Treinamentos,Boas Praticas e Controle de Qualidade,POP,POP-011-TREINAMENTO-DE-FUNCIONARIOS,SIM,OBRIGATORIO,REVISAR,NAO,P0,PRIORITARIO,ADMIN;RT,,INVENTARIADO,IMPORTAR_COMO_TREINAMENTO,SIM,Lote complementar informado pelo usuario; revisar antes de importar; possivel sobreposicao com item ja inventariado por nome/origem anterior
0098,"Drive complementar/POPs MBP Drogarias/POP.007 LTCAT, PGR e EPIs","POP.007 LTCAT, PGR e EPIs",,,Drive complementar/POPs MBP Drogarias,Drogarias,Pasta/POP,Drogarias,09. Residuos,POP,POP-007-LTCAT-PGR-E-EPIS,SIM,PLANEJADO,REVISAR,NAO,P0,NORMAL,ADMIN;RT,,INVENTARIADO,REVISAR,SIM,Lote complementar informado pelo usuario; revisar antes de importar; possivel sobreposicao com item ja inventariado por nome/origem anterior
0099,Drive complementar/POPs MBP Drogarias/POP.013 Higiene Pessoal,POP.013 Higiene Pessoal,,,Drive complementar/POPs MBP Drogarias,Drogarias,Pasta/POP,Drogarias,07. Higiene e Limpeza,POP,POP-013-HIGIENE-PESSOAL,SIM,PLANEJADO,REVISAR,NAO,P0,NORMAL,ADMIN;RT,,INVENTARIADO,REVISAR,SIM,Lote complementar informado pelo usuario; revisar antes de importar; possivel sobreposicao com item ja inventariado por nome/origem anterior
0100,Drive complementar/POPs MBP Drogarias/POP.015 Uso e Conservação de EPIs e Uniformes,POP.015 Uso e Conservação de EPIs e Uniformes,,,Drive complementar/POPs MBP Drogarias,Drogarias,Pasta/POP,Drogarias,09. Residuos,POP,POP-015-USO-E-CONSERVACAO-DE-EPIS-E-UNIFORMES,SIM,PLANEJADO,REVISAR,NAO,P0,NORMAL,ADMIN;RT,,INVENTARIADO,REVISAR,SIM,Lote complementar informado pelo usuario; revisar antes de importar; possivel sobreposicao com item ja inventariado por nome/origem anterior
0101,Drive complementar/POPs MBP Drogarias/POP.018 Limpeza da Geladeira e Congelador,POP.018 Limpeza da Geladeira e Congelador,,,Drive complementar/POPs MBP Drogarias,Drogarias,Pasta/POP,Drogarias,07. Higiene e Limpeza,POP,POP-018-LIMPEZA-DA-GELADEIRA-E-CONGELADOR,SIM,PLANEJADO,REVISAR,NAO,P0,NORMAL,ADMIN;RT,,INVENTARIADO,REVISAR,SIM,Lote complementar informado pelo usuario; revisar antes de importar; possivel sobreposicao com item ja inventariado por nome/origem anterior
0102,Drive complementar/POPs MBP Drogarias/POP.020 Limpeza da Sala de Serviços Farmacêuticos,POP.020 Limpeza da Sala de Serviços Farmacêuticos,,,Drive complementar/POPs MBP Drogarias,Drogarias,Pasta/POP,Drogarias,06. Servicos Farmaceuticos,POP,POP-020-LIMPEZA-DA-SALA-DE-SERVICOS-FARMACEUTICOS,SIM,PLANEJADO,REVISAR,NAO,P0,NORMAL,ADMIN;RT,,INVENTARIADO,REVISAR,SIM,Lote complementar informado pelo usuario; revisar antes de importar; possivel sobreposicao com item ja inventariado por nome/origem anterior
0103,Drive complementar/POPs MBP Drogarias/POP.017 Limpeza do Ar Condicionado,POP.017 Limpeza do Ar Condicionado,,,Drive complementar/POPs MBP Drogarias,Drogarias,Pasta/POP,Drogarias,07. Higiene e Limpeza,POP,POP-017-LIMPEZA-DO-AR-CONDICIONADO,SIM,PLANEJADO,REVISAR,NAO,P0,NORMAL,ADMIN;RT,,INVENTARIADO,REVISAR,SIM,Lote complementar informado pelo usuario; revisar antes de importar; possivel sobreposicao com item ja inventariado por nome/origem anterior
0104,Drive complementar/POPs MBP Drogarias/POP.023 Termo-Higrômetro,POP.023 Termo-Higrômetro,,,Drive complementar/POPs MBP Drogarias,Drogarias,Pasta/POP,Drogarias,"08. Equipamentos, Calibracao e Manutencao",POP,POP-023-TERMO-HIGROMETRO,SIM,PLANEJADO,REVISAR,NAO,P0,NORMAL,ADMIN;RT,,INVENTARIADO,REVISAR,SIM,Lote complementar informado pelo usuario; revisar antes de importar; possivel sobreposicao com item ja inventariado por nome/origem anterior
0105,Drive complementar/POPs MBP Drogarias/POP.022 Monitoramento da Temperatura e Umidade,POP.022 Monitoramento da Temperatura e Umidade,,,Drive complementar/POPs MBP Drogarias,Drogarias,Pasta/POP,Drogarias,01. Gestao da Qualidade,POP,POP-022-MONITORAMENTO-DA-TEMPERATURA-E-UMIDADE,SIM,PLANEJADO,REVISAR,NAO,P0,NORMAL,ADMIN;RT,,INVENTARIADO,REVISAR,SIM,Lote complementar informado pelo usuario; revisar antes de importar; possivel sobreposicao com item ja inventariado por nome/origem anterior
0106,Drive complementar/POPs MBP Drogarias/POP.016 Manutenção e Calibração dos Equipamentos,POP.016 Manutenção e Calibração dos Equipamentos,,,Drive complementar/POPs MBP Drogarias,Drogarias,Pasta/POP,Drogarias,"08. Equipamentos, Calibracao e Manutencao",POP,POP-016-MANUTENCAO-E-CALIBRACAO-DOS-EQUIPAMENTOS,SIM,PLANEJADO,REVISAR,NAO,P0,NORMAL,ADMIN;RT,,INVENTARIADO,REVISAR,SIM,Lote complementar informado pelo usuario; revisar antes de importar; possivel sobreposicao com item ja inventariado por nome/origem anterior
0107,Drive complementar/POPs MBP Drogarias/POP.025 Programa de Controle de Pragas,POP.025 Programa de Controle de Pragas,,,Drive complementar/POPs MBP Drogarias,Drogarias,Pasta/POP,Drogarias,01. Gestao da Qualidade,POP,POP-025-PROGRAMA-DE-CONTROLE-DE-PRAGAS,SIM,PLANEJADO,REVISAR,NAO,P0,NORMAL,ADMIN;RT,,INVENTARIADO,REVISAR,SIM,Lote complementar informado pelo usuario; revisar antes de importar; possivel sobreposicao com item ja inventariado por nome/origem anterior
0108,Drive complementar/POPs MBP Drogarias/POP.021 Descarte de Resíduo e Retirada do Lixo,POP.021 Descarte de Resíduo e Retirada do Lixo,,,Drive complementar/POPs MBP Drogarias,Drogarias,Pasta/POP,Drogarias,09. Residuos,POP,POP-021-DESCARTE-DE-RESIDUO-E-RETIRADA-DO-LIXO,SIM,PLANEJADO,REVISAR,NAO,P0,NORMAL,ADMIN;RT,,INVENTARIADO,REVISAR,SIM,Lote complementar informado pelo usuario; revisar antes de importar; possivel sobreposicao com item ja inventariado por nome/origem anterior
0109,Drive complementar/POPs MBP Drogarias/POP.019 Limpeza Diária dos Ambientes,POP.019 Limpeza Diária dos Ambientes,,,Drive complementar/POPs MBP Drogarias,Drogarias,Pasta/POP,Drogarias,07. Higiene e Limpeza,POP,POP-019-LIMPEZA-DIARIA-DOS-AMBIENTES,SIM,PLANEJADO,REVISAR,NAO,P0,NORMAL,ADMIN;RT,,INVENTARIADO,REVISAR,SIM,Lote complementar informado pelo usuario; revisar antes de importar; possivel sobreposicao com item ja inventariado por nome/origem anterior
0110,Drive complementar/POPs MBP Drogarias/POP.024 Manutenção Extintores de Incêndio,POP.024 Manutenção Extintores de Incêndio,,,Drive complementar/POPs MBP Drogarias,Drogarias,Pasta/POP,Drogarias,"08. Equipamentos, Calibracao e Manutencao",POP,POP-024-MANUTENCAO-EXTINTORES-DE-INCENDIO,SIM,PLANEJADO,REVISAR,NAO,P0,NORMAL,ADMIN;RT,,INVENTARIADO,REVISAR,SIM,Lote complementar informado pelo usuario; revisar antes de importar; possivel sobreposicao com item ja inventariado por nome/origem anterior
0111,Drive complementar/POPs MBP Drogarias/POP.031 Comercialização de Alimentos,POP.031 Comercialização de Alimentos,,,Drive complementar/POPs MBP Drogarias,Drogarias,Pasta/POP,Drogarias,01. Gestao da Qualidade,POP,POP-031-COMERCIALIZACAO-DE-ALIMENTOS,SIM,PLANEJADO,REVISAR,NAO,P0,NORMAL,ADMIN;RT,,INVENTARIADO,REVISAR,SIM,Lote complementar informado pelo usuario; revisar antes de importar; possivel sobreposicao com item ja inventariado por nome/origem anterior
0112,Drive complementar/POPs MBP Drogarias/POP.036 Armazenamento de Antimicrobianos e Port. 344,POP.036 Armazenamento de Antimicrobianos e Port. 344,,,Drive complementar/POPs MBP Drogarias,Drogarias,Pasta/POP,Drogarias,04. Recebimento e Armazenamento,POP.036 Armazenamento de Antimicrobianos e Port,POP-036-ARMAZENAMENTO-DE-ANTIMICROBIANOS-E-PORT-344,SIM,PLANEJADO,REVISAR,NAO,P0,NORMAL,ADMIN;RT,,INVENTARIADO,REVISAR,SIM,Lote complementar informado pelo usuario; revisar antes de importar; possivel sobreposicao com item ja inventariado por nome/origem anterior
0113,Drive complementar/POPs MBP Drogarias/POP.037 Armazenamento de MIPs,POP.037 Armazenamento de MIPs,,,Drive complementar/POPs MBP Drogarias,Drogarias,Pasta/POP,Drogarias,04. Recebimento e Armazenamento,POP,POP-037-ARMAZENAMENTO-DE-MIPS,SIM,PLANEJADO,REVISAR,NAO,P0,NORMAL,ADMIN;RT,,INVENTARIADO,REVISAR,SIM,Lote complementar informado pelo usuario; revisar antes de importar; possivel sobreposicao com item ja inventariado por nome/origem anterior
0114,Drive complementar/POPs MBP Drogarias/POP.039 Dispensação por Receita Digital,POP.039 Dispensação por Receita Digital,,,Drive complementar/POPs MBP Drogarias,Drogarias,Pasta/POP,Drogarias,01. Dispensacao,POP,POP-039-DISPENSACAO-POR-RECEITA-DIGITAL,SIM,PLANEJADO,REVISAR,NAO,P0,NORMAL,ADMIN;RT,,INVENTARIADO,REVISAR,SIM,Lote complementar informado pelo usuario; revisar antes de importar; possivel sobreposicao com item ja inventariado por nome/origem anterior
0115,Drive complementar/POPs MBP Drogarias/POP.040 Intercambialidade de Medicamentos,POP.040 Intercambialidade de Medicamentos,,,Drive complementar/POPs MBP Drogarias,Drogarias,Pasta/POP,Drogarias,01. Gestao da Qualidade,POP,POP-040-INTERCAMBIALIDADE-DE-MEDICAMENTOS,SIM,PLANEJADO,REVISAR,NAO,P0,NORMAL,ADMIN;RT,,INVENTARIADO,REVISAR,SIM,Lote complementar informado pelo usuario; revisar antes de importar; possivel sobreposicao com item ja inventariado por nome/origem anterior
0116,Drive complementar/POPs MBP Drogarias/POP.041 Avaliação da Prescrição - Prevenção de Erros,POP.041 Avaliação da Prescrição - Prevenção de Erros,,,Drive complementar/POPs MBP Drogarias,Drogarias,Pasta/POP,Drogarias,01. Dispensacao,POP,POP-041-AVALIACAO-DA-PRESCRICAO-PREVENCAO-DE-ERROS,SIM,PLANEJADO,REVISAR,NAO,P0,NORMAL,ADMIN;RT,,INVENTARIADO,REVISAR,SIM,Lote complementar informado pelo usuario; revisar antes de importar; possivel sobreposicao com item ja inventariado por nome/origem anterior
0117,Drive complementar/POPs MBP Drogarias/POP.048 Aplicação de Injetáveis - Agulhas e Seringas,POP.048 Aplicação de Injetáveis - Agulhas e Seringas,,,Drive complementar/POPs MBP Drogarias,Drogarias,Pasta/POP,Drogarias,06. Servicos Farmaceuticos,POP,POP-048-APLICACAO-DE-INJETAVEIS-AGULHAS-E-SERINGAS,SIM,PLANEJADO,REVISAR,NAO,P0,NORMAL,ADMIN;RT,,INVENTARIADO,REVISAR,SIM,Lote complementar informado pelo usuario; revisar antes de importar; possivel sobreposicao com item ja inventariado por nome/origem anterior
0118,Drive complementar/POPs MBP Drogarias/POP.051 Monitoramento da Glicemia Capilar,POP.051 Monitoramento da Glicemia Capilar,,,Drive complementar/POPs MBP Drogarias,Drogarias,Pasta/POP,Drogarias,01. Gestao da Qualidade,POP,POP-051-MONITORAMENTO-DA-GLICEMIA-CAPILAR,SIM,PLANEJADO,REVISAR,NAO,P0,NORMAL,ADMIN;RT,,INVENTARIADO,REVISAR,SIM,Lote complementar informado pelo usuario; revisar antes de importar; possivel sobreposicao com item ja inventariado por nome/origem anterior
0119,Drive complementar/POPs MBP Drogarias/POP.042 Entrega em Domicílio,POP.042 Entrega em Domicílio,,,Drive complementar/POPs MBP Drogarias,Drogarias,Pasta/POP,Drogarias,01. Dispensacao,POP,POP-042-ENTREGA-EM-DOMICILIO,SIM,PLANEJADO,REVISAR,NAO,P0,NORMAL,ADMIN;RT,,INVENTARIADO,REVISAR,SIM,Lote complementar informado pelo usuario; revisar antes de importar; possivel sobreposicao com item ja inventariado por nome/origem anterior
0120,Drive complementar/POPs MBP Drogarias/POP.049 Aplicação de Injetáveis - Preparação,POP.049 Aplicação de Injetáveis - Preparação,,,Drive complementar/POPs MBP Drogarias,Drogarias,Pasta/POP,Drogarias,06. Servicos Farmaceuticos,POP,POP-049-APLICACAO-DE-INJETAVEIS-PREPARACAO,SIM,PLANEJADO,REVISAR,NAO,P0,NORMAL,ADMIN;RT,,INVENTARIADO,REVISAR,SIM,Lote complementar informado pelo usuario; revisar antes de importar; possivel sobreposicao com item ja inventariado por nome/origem anterior
0121,Drive complementar/POPs MBP Drogarias/POP.055 Perfuração de Lóbulo Auricular para Brincos,POP.055 Perfuração de Lóbulo Auricular para Brincos,,,Drive complementar/POPs MBP Drogarias,Drogarias,Pasta/POP,Drogarias,01. Gestao da Qualidade,POP,POP-055-PERFURACAO-DE-LOBULO-AURICULAR-PARA-BRINCOS,SIM,PLANEJADO,REVISAR,NAO,P0,NORMAL,ADMIN;RT,,INVENTARIADO,REVISAR,SIM,Lote complementar informado pelo usuario; revisar antes de importar; possivel sobreposicao com item ja inventariado por nome/origem anterior
0122,Drive complementar/POPs MBP Drogarias/POP.053 Aferição da Temperatura Corporal,POP.053 Aferição da Temperatura Corporal,,,Drive complementar/POPs MBP Drogarias,Drogarias,Pasta/POP,Drogarias,01. Gestao da Qualidade,POP,POP-053-AFERICAO-DA-TEMPERATURA-CORPORAL,SIM,PLANEJADO,REVISAR,NAO,P0,NORMAL,ADMIN;RT,,INVENTARIADO,REVISAR,SIM,Lote complementar informado pelo usuario; revisar antes de importar; possivel sobreposicao com item ja inventariado por nome/origem anterior
0123,Drive complementar/POPs MBP Drogarias/POP.052 Monitoramento da Pressão Arterial,POP.052 Monitoramento da Pressão Arterial,,,Drive complementar/POPs MBP Drogarias,Drogarias,Pasta/POP,Drogarias,01. Gestao da Qualidade,POP,POP-052-MONITORAMENTO-DA-PRESSAO-ARTERIAL,SIM,PLANEJADO,REVISAR,NAO,P0,NORMAL,ADMIN;RT,,INVENTARIADO,REVISAR,SIM,Lote complementar informado pelo usuario; revisar antes de importar; possivel sobreposicao com item ja inventariado por nome/origem anterior
0124,Drive complementar/POPs MBP Drogarias/POP.056 Saturação de Oxigênio,POP.056 Saturação de Oxigênio,,,Drive complementar/POPs MBP Drogarias,Drogarias,Pasta/POP,Drogarias,01. Gestao da Qualidade,POP,POP-056-SATURACAO-DE-OXIGENIO,SIM,PLANEJADO,REVISAR,NAO,P0,NORMAL,ADMIN;RT,,INVENTARIADO,REVISAR,SIM,Lote complementar informado pelo usuario; revisar antes de importar; possivel sobreposicao com item ja inventariado por nome/origem anterior
0125,Drive complementar/POPs MBP Drogarias/POP.054 Inaloterapia,POP.054 Inaloterapia,,,Drive complementar/POPs MBP Drogarias,Drogarias,Pasta/POP,Drogarias,01. Gestao da Qualidade,POP,POP-054-INALOTERAPIA,SIM,PLANEJADO,REVISAR,NAO,P0,NORMAL,ADMIN;RT,,INVENTARIADO,REVISAR,SIM,Lote complementar informado pelo usuario; revisar antes de importar; possivel sobreposicao com item ja inventariado por nome/origem anterior
0126,Drive complementar/POPs MBP Drogarias/POP.061 Farmacovigilância,POP.061 Farmacovigilância,,,Drive complementar/POPs MBP Drogarias,Drogarias,Pasta/POP,Drogarias,01. Gestao da Qualidade,POP,POP-061-FARMACOVIGILANCIA,SIM,PLANEJADO,REVISAR,NAO,P0,NORMAL,ADMIN;RT,,INVENTARIADO,REVISAR,SIM,Lote complementar informado pelo usuario; revisar antes de importar; possivel sobreposicao com item ja inventariado por nome/origem anterior
0127,Drive complementar/POPs MBP Drogarias/POP.062 Prescrição Farmacêutica,POP.062 Prescrição Farmacêutica,,,Drive complementar/POPs MBP Drogarias,Drogarias,Pasta/POP,Drogarias,01. Dispensacao,POP,POP-062-PRESCRICAO-FARMACEUTICA,SIM,PLANEJADO,REVISAR,NAO,P0,NORMAL,ADMIN;RT,,INVENTARIADO,REVISAR,SIM,Lote complementar informado pelo usuario; revisar antes de importar; possivel sobreposicao com item ja inventariado por nome/origem anterior
0128,Drive complementar/POPs MBP Drogarias/POP.057 Vacinação,POP.057 Vacinação,,,Drive complementar/POPs MBP Drogarias,Drogarias,Pasta/POP,Drogarias,01. Gestao da Qualidade,POP,POP-057-VACINACAO,SIM,PLANEJADO,REVISAR,NAO,P0,NORMAL,ADMIN;RT,,INVENTARIADO,REVISAR,SIM,Lote complementar informado pelo usuario; revisar antes de importar; possivel sobreposicao com item ja inventariado por nome/origem anterior
0129,Drive complementar/POPs MBP Drogarias/POP.050 Aplicação de Injetáveis - Vias de Administração,POP.050 Aplicação de Injetáveis - Vias de Administração,,,Drive complementar/POPs MBP Drogarias,Drogarias,Pasta/POP,Drogarias,06. Servicos Farmaceuticos,POP,POP-050-APLICACAO-DE-INJETAVEIS-VIAS-DE-ADMINISTRACAO,SIM,PLANEJADO,REVISAR,NAO,P0,NORMAL,ADMIN;RT,,INVENTARIADO,REVISAR,SIM,Lote complementar informado pelo usuario; revisar antes de importar; possivel sobreposicao com item ja inventariado por nome/origem anterior
0130,Drive complementar/POPs MBP Drogarias/POP.059 Atenção Farmacêutica,POP.059 Atenção Farmacêutica,,,Drive complementar/POPs MBP Drogarias,Drogarias,Pasta/POP,Drogarias,06. Servicos Farmaceuticos,POP,POP-059-ATENCAO-FARMACEUTICA,SIM,PLANEJADO,REVISAR,NAO,P0,NORMAL,ADMIN;RT,,INVENTARIADO,REVISAR,SIM,Lote complementar informado pelo usuario; revisar antes de importar; possivel sobreposicao com item ja inventariado por nome/origem anterior
0131,Drive complementar/POPs MBP Drogarias/POPs+MBP_Drogarias.zip,POPs+MBP_Drogarias.zip,zip,,Drive complementar/POPs MBP Drogarias,Drogarias,Pacote ZIP,Drogarias,Manual de Boas Praticas,POPs+MBP_Drogarias,POPS-MBP-DROGARIAS-ZIP,REVISAR,NAO,NAO,NAO,P1,NAO_APLICA,ADMIN;RT,,INVENTARIADO,REVISAR,SIM,ZIP complementar; extrair/listar em etapa controlada antes de importar; possivel sobreposicao com item ja inventariado por nome/origem anterior
0132,Drive complementar/arquivos soltos/conteudo_modular.md,conteudo_modular.md,md,,Drive complementar/arquivos soltos,Treinamentos,Documento,Treinamentos,Boas Praticas e Controle de Qualidade,conteudo_modular,CONTEUDO-MODULAR-MD,SIM,OBRIGATORIO,REVISAR,NAO,P0,PRIORITARIO,ADMIN;RT,,INVENTARIADO,IMPORTAR_COMO_TREINAMENTO,SIM,Arquivo complementar de treinamento/conteudo modular informado pelo usuario; possivel sobreposicao com item ja inventariado por nome/origem anterior
0133,Drive complementar/arquivos soltos/index.html,index.html,html,,Drive complementar/arquivos soltos,Treinamentos,Documento,Treinamentos,Boas Praticas e Controle de Qualidade,index,INDEX-HTML,SIM,OBRIGATORIO,REVISAR,NAO,P0,PRIORITARIO,ADMIN;RT,,INVENTARIADO,IMPORTAR_COMO_TREINAMENTO,SIM,Arquivo complementar de treinamento/conteudo modular informado pelo usuario; possivel sobreposicao com item ja inventariado por nome/origem anterior
