batch_id,batch_name,import_order,source_collection,original_path,file_name,extension,size_mb,detected_document_type,proposed_menu,proposed_folder,proposed_title,proposed_code,canonical_use,training_use,quiz_use,certificate_use,impacted_roles,suggested_recurrence,priority,action_recommended,needs_human_review,duplicate_risk,duplicate_group,import_decision,import_notes
1,Lote 1 - Acervo Matriz Farmacia de Manipulacao,0001,Drive complementar/MBP Farmacia Manipulacao,Drive complementar/MBP Farmacia Manipulacao/Capa Introdução e Lista Mestra 1.docx,Capa Introdução e Lista Mestra 1.docx,docx,,Colecao,Biblioteca POPs,01. Gestao da Qualidade,Capa Introdução e Lista Mestra 1,CAPA-INTRODUCAO-E-LISTA-MESTRA-1-DOCX,REVISAR,NAO,NAO,NAO,ADMIN;RT,,P1,REVISAR,SIM,BAIXO,,IMPORTAR_AGORA,Acervo aprovado como autoria propria; revisar redundancia/versao/classificacao. Classificacao clara; candidato a importacao controlada conforme lote.
1,Lote 1 - Acervo Matriz Farmacia de Manipulacao,0002,Drive complementar/MBP Farmacia Manipulacao,Drive complementar/MBP Farmacia Manipulacao/Capa Introdução e Lista Mestra 2.docx,Capa Introdução e Lista Mestra 2.docx,docx,,Colecao,Biblioteca POPs,01. Gestao da Qualidade,Capa Introdução e Lista Mestra 2,CAPA-INTRODUCAO-E-LISTA-MESTRA-2-DOCX,REVISAR,NAO,NAO,NAO,ADMIN;RT,,P1,REVISAR,SIM,BAIXO,,IMPORTAR_AGORA,Acervo aprovado como autoria propria; revisar redundancia/versao/classificacao. Classificacao clara; candidato a importacao controlada conforme lote.
1,Lote 1 - Acervo Matriz Farmacia de Manipulacao,0003,Drive complementar/MBP Farmacia Manipulacao,Drive complementar/MBP Farmacia Manipulacao/Capa Introdução e Lista Mestra 3.docx,Capa Introdução e Lista Mestra 3.docx,docx,,Colecao,Biblioteca POPs,01. Gestao da Qualidade,Capa Introdução e Lista Mestra 3,CAPA-INTRODUCAO-E-LISTA-MESTRA-3-DOCX,REVISAR,NAO,NAO,NAO,ADMIN;RT,,P1,REVISAR,SIM,BAIXO,,IMPORTAR_AGORA,Acervo aprovado como autoria propria; revisar redundancia/versao/classificacao. Classificacao clara; candidato a importacao controlada conforme lote.
1,Lote 1 - Acervo Matriz Farmacia de Manipulacao,0004,Drive complementar/MBP Farmacia Manipulacao,Drive complementar/MBP Farmacia Manipulacao/Capa Introdução e Lista Mestra 4.docx,Capa Introdução e Lista Mestra 4.docx,docx,,Colecao,Biblioteca POPs,01. Gestao da Qualidade,Capa Introdução e Lista Mestra 4,CAPA-INTRODUCAO-E-LISTA-MESTRA-4-DOCX,REVISAR,NAO,NAO,NAO,ADMIN;RT,,P1,REVISAR,SIM,BAIXO,,IMPORTAR_AGORA,Acervo aprovado como autoria propria; revisar redundancia/versao/classificacao. Classificacao clara; candidato a importacao controlada conforme lote.
1,Lote 1 - Acervo Matriz Farmacia de Manipulacao,0005,Drive complementar/MBP Farmacia Manipulacao,Drive complementar/MBP Farmacia Manipulacao/farmacopeia-6-edicao,farmacopeia-6-edicao,,,Referencia tecnica,Biblioteca POPs,07. Controle de Qualidade,farmacopeia-6-edicao,FARMACOPEIA-6-EDICAO,SIM,NAO,NAO,NAO,ADMIN;RT,,P0,IMPORTAR_COMO_REFERENCIA,SIM,BAIXO,,IMPORTAR_AGORA,Acervo aprovado como autoria propria; revisar redundancia/versao/classificacao. Classificacao clara; candidato a importacao controlada conforme lote.
1,Lote 1 - Acervo Matriz Farmacia de Manipulacao,0006,Drive complementar/MBP Farmacia Manipulacao,Drive complementar/MBP Farmacia Manipulacao/MANUAL 1 - Aspectos Organizacionais,MANUAL 1 - Aspectos Organizacionais,,,Pasta/Colecao,Biblioteca POPs,01. Gestao da Qualidade,MANUAL 1 - Aspectos Organizacionais,MANUAL-1-ASPECTOS-ORGANIZACIONAIS,REVISAR,NAO,NAO,NAO,ADMIN;RT,,P1,REVISAR,SIM,MEDIO,,IMPORTAR_AGORA,Acervo aprovado como autoria propria; revisar redundancia/versao/classificacao. Item representa pasta/colecao; importar somente apos confirmar/expandir arquivos reais no momento da carga. Classificacao clara; candidato a importacao controlada conforme lote.
1,Lote 1 - Acervo Matriz Farmacia de Manipulacao,0007,Drive complementar/MBP Farmacia Manipulacao,Drive complementar/MBP Farmacia Manipulacao/MANUAL 3 - Controle de Qualidade,MANUAL 3 - Controle de Qualidade,,,Pasta/Colecao,Biblioteca POPs,07. Controle de Qualidade,MANUAL 3 - Controle de Qualidade,MANUAL-3-CONTROLE-DE-QUALIDADE,REVISAR,NAO,NAO,NAO,ADMIN;RT,,P1,REVISAR,SIM,MEDIO,,IMPORTAR_AGORA,Acervo aprovado como autoria propria; revisar redundancia/versao/classificacao. Item representa pasta/colecao; importar somente apos confirmar/expandir arquivos reais no momento da carga. Classificacao clara; candidato a importacao controlada conforme lote.
1,Lote 1 - Acervo Matriz Farmacia de Manipulacao,0008,Drive complementar/MBP Farmacia Manipulacao,Drive complementar/MBP Farmacia Manipulacao/MANUAL 4 - Manipulação Preparação Magistrais,MANUAL 4 - Manipulação Preparação Magistrais,,,Pasta/Colecao,Biblioteca POPs,06. Manipulacao,MANUAL 4 - Manipulação Preparação Magistrais,MANUAL-4-MANIPULACAO-PREPARACAO-MAGISTRAIS,REVISAR,NAO,NAO,NAO,ADMIN;RT,,P1,REVISAR,SIM,MEDIO,,IMPORTAR_AGORA,Acervo aprovado como autoria propria; revisar redundancia/versao/classificacao. Item representa pasta/colecao; importar somente apos confirmar/expandir arquivos reais no momento da carga. Classificacao clara; candidato a importacao controlada conforme lote.
1,Lote 1 - Acervo Matriz Farmacia de Manipulacao,0009,Drive complementar/MBP Farmacia Manipulacao,Drive complementar/MBP Farmacia Manipulacao/MBP Farmácia de Manipulação-Completo,MBP Farmácia de Manipulação-Completo,,,Pasta/Colecao,RQ's e MBP,06. Manipulacao,MBP Farmácia de Manipulação-Completo,MBP-FARMACIA-DE-MANIPULACAO-COMPLETO,REVISAR,NAO,NAO,NAO,ADMIN;RT,,P1,REVISAR,SIM,MEDIO,,IMPORTAR_AGORA,Acervo aprovado como autoria propria; revisar redundancia/versao/classificacao. Item representa pasta/colecao; importar somente apos confirmar/expandir arquivos reais no momento da carga. Classificacao clara; candidato a importacao controlada conforme lote.
1,Lote 1 - Acervo Matriz Farmacia de Manipulacao,0010,Drive complementar/MBP Farmacia Manipulacao,Drive complementar/MBP Farmacia Manipulacao/POP.090.1 Determinação do Peso Médio de Caps,POP.090.1 Determinação do Peso Médio de Caps,,,Pasta/POP,Biblioteca POPs,07. Controle de Qualidade,POP.090,POP-090-1-DETERMINACAO-DO-PESO-MEDIO-DE-CAPS,SIM,PLANEJADO,REVISAR,NAO,ADMIN;RT,,P0,REVISAR,SIM,MEDIO,,REVISAR_ANTES,Acervo aprovado como autoria propria; revisar redundancia/versao/classificacao. Item representa pasta/colecao; importar somente apos confirmar/expandir arquivos reais no momento da carga. Item parece POP operacional; mover para Lote 2 antes da importacao.
1,Lote 1 - Acervo Matriz Farmacia de Manipulacao,0011,Fonte 1 - Material atualizado/editavel,Google Drive/POPs+MBP_Antibióticos Citostáticos e Hormônios,POPs+MBP_Antibióticos Citostáticos e Hormônios,,,Pasta/POP,Biblioteca POPs,Manual de Boas Praticas,POPs+MBP_Antibióticos Citostáticos e Hormônios,POPS-MBP-ANTIBIOTICOS-CITOSTATICOS-E-HORMONIOS,SIM,PLANEJADO,REVISAR,NAO,ADMIN;RT,,P0,REVISAR,SIM,MEDIO,,IMPORTAR_AGORA,Acervo aprovado como autoria propria; revisar redundancia/versao/classificacao. Item representa pasta/colecao; importar somente apos confirmar/expandir arquivos reais no momento da carga. Classificacao clara; candidato a importacao controlada conforme lote.
1,Lote 1 - Acervo Matriz Farmacia de Manipulacao,0012,Fonte 1 - Material atualizado/editavel,Google Drive/POPs+MBP_Farmácia de Manipulação Veterinária Exclusiva,POPs+MBP_Farmácia de Manipulação Veterinária Exclusiva,,,Pasta/POP,Biblioteca POPs,06. Manipulacao,POPs+MBP_Farmácia de Manipulação Veterinária Exclusiva,POPS-MBP-FARMACIA-DE-MANIPULACAO-VETERINARIA-EXC,SIM,PLANEJADO,REVISAR,NAO,ADMIN;RT,,P0,REVISAR,SIM,MEDIO,,IMPORTAR_AGORA,Acervo aprovado como autoria propria; revisar redundancia/versao/classificacao. Item representa pasta/colecao; importar somente apos confirmar/expandir arquivos reais no momento da carga. Classificacao clara; candidato a importacao controlada conforme lote.
1,Lote 1 - Acervo Matriz Farmacia de Manipulacao,0013,Fonte 1 - Material atualizado/editavel,Google Drive/POPs+MBP_SBIT,POPs+MBP_SBIT,,,Pasta/POP,Biblioteca POPs,Manual de Boas Praticas,POPs+MBP_SBIT,POPS-MBP-SBIT,SIM,PLANEJADO,REVISAR,NAO,ADMIN;RT,,P0,REVISAR,SIM,MEDIO,,IMPORTAR_AGORA,Acervo aprovado como autoria propria; revisar redundancia/versao/classificacao. Item representa pasta/colecao; importar somente apos confirmar/expandir arquivos reais no momento da carga. Classificacao clara; candidato a importacao controlada conforme lote.
1,Lote 1 - Acervo Matriz Farmacia de Manipulacao,0014,Drive complementar/MBP Farmacia Manipulacao,Drive complementar/MBP Farmacia Manipulacao/Capa Introdução e Lista Mestra,Capa Introdução e Lista Mestra,,,Pasta/Colecao,Biblioteca POPs,01. Gestao da Qualidade,Capa Introdução e Lista Mestra,CAPA-INTRODUCAO-E-LISTA-MESTRA,REVISAR,NAO,NAO,NAO,ADMIN;RT,,P1,REVISAR,SIM,ALTO,DUP-050,REVISAR_ANTES,Acervo aprovado como autoria propria; revisar redundancia/versao/classificacao. Item representa pasta/colecao; importar somente apos confirmar/expandir arquivos reais no momento da carga. Duplicidade/sobreposicao clara; escolher versao mais atual.
2,Lote 2 - POPs Farmacia de Manipulacao,0015,root,Google Drive/Manual para Solicitação de AE,Manual para Solicitação de AE,,,Pasta/Colecao,Biblioteca POPs,01. Gestao da Qualidade,Manual para Solicitação de AE,MANUAL-PARA-SOLICITACAO-DE-AE,REVISAR,NAO,NAO,NAO,ADMIN;RT,,P1,REVISAR,SIM,MEDIO,,IMPORTAR_AGORA,Acervo aprovado como autoria propria; revisar redundancia/versao/classificacao. Item representa pasta/colecao; importar somente apos confirmar/expandir arquivos reais no momento da carga. Classificacao clara; candidato a importacao controlada conforme lote.
2,Lote 2 - POPs Farmacia de Manipulacao,0016,root,Google Drive/Manual para Solicitação de AFE,Manual para Solicitação de AFE,,,Pasta/Colecao,Biblioteca POPs,01. Gestao da Qualidade,Manual para Solicitação de AFE,MANUAL-PARA-SOLICITACAO-DE-AFE,REVISAR,NAO,NAO,NAO,ADMIN;RT,,P1,REVISAR,SIM,MEDIO,,IMPORTAR_AGORA,Acervo aprovado como autoria propria; revisar redundancia/versao/classificacao. Item representa pasta/colecao; importar somente apos confirmar/expandir arquivos reais no momento da carga. Classificacao clara; candidato a importacao controlada conforme lote.
2,Lote 2 - POPs Farmacia de Manipulacao,0017,root,Google Drive/POP Polícia Civil [2025],POP Polícia Civil [2025],,,Pasta/POP,Biblioteca POPs,01. Gestao da Qualidade,POP Polícia Civil [2025],POP-POLICIA-CIVIL-2025,SIM,PLANEJADO,REVISAR,NAO,ADMIN;RT,,P0,REVISAR,SIM,MEDIO,,IMPORTAR_AGORA,Acervo aprovado como autoria propria; revisar redundancia/versao/classificacao. Item representa pasta/colecao; importar somente apos confirmar/expandir arquivos reais no momento da carga. Classificacao clara; candidato a importacao controlada conforme lote.
2,Lote 2 - POPs Farmacia de Manipulacao,0018,root,Google Drive/POP_Roteiro de Autoinspeção para Farmácia de Manipulação,POP_Roteiro de Autoinspeção para Farmácia de Manipulação,,,Pasta/POP,Biblioteca POPs,06. Manipulacao,POP_Roteiro de Autoinspeção para Farmácia de Manipulação,POP-ROTEIRO-DE-AUTOINSPECAO-PARA-FARMACIA-DE-MAN,SIM,PLANEJADO,REVISAR,NAO,ADMIN;RT,,P0,REVISAR,SIM,MEDIO,,IMPORTAR_AGORA,Acervo aprovado como autoria propria; revisar redundancia/versao/classificacao. Item representa pasta/colecao; importar somente apos confirmar/expandir arquivos reais no momento da carga. Classificacao clara; candidato a importacao controlada conforme lote.
2,Lote 2 - POPs Farmacia de Manipulacao,0019,root,Google Drive/POP_Roteiro de Qualificação de Fornecedores - Farmácia de Manipulação,POP_Roteiro de Qualificação de Fornecedores - Farmácia de Manipulação,,,Pasta/POP,Biblioteca POPs,05. Materias-primas e Fornecedores,POP_Roteiro de Qualificação de Fornecedores - Farmácia de Manipulação,POP-ROTEIRO-DE-QUALIFICACAO-DE-FORNECEDORES-FARM,SIM,PLANEJADO,REVISAR,NAO,ADMIN;RT,,P0,REVISAR,SIM,MEDIO,,IMPORTAR_AGORA,Acervo aprovado como autoria propria; revisar redundancia/versao/classificacao. Item representa pasta/colecao; importar somente apos confirmar/expandir arquivos reais no momento da carga. Classificacao clara; candidato a importacao controlada conforme lote.
2,Lote 2 - POPs Farmacia de Manipulacao,0020,root,Google Drive/POPs_Manipulação Magistral Homeopática,POPs_Manipulação Magistral Homeopática,,,Pasta/POP,Biblioteca POPs,06. Manipulacao,POPs_Manipulação Magistral Homeopática,POPS-MANIPULACAO-MAGISTRAL-HOMEOPATICA,SIM,PLANEJADO,REVISAR,NAO,ADMIN;RT,,P0,REVISAR,SIM,MEDIO,,IMPORTAR_AGORA,Acervo aprovado como autoria propria; revisar redundancia/versao/classificacao. Item representa pasta/colecao; importar somente apos confirmar/expandir arquivos reais no momento da carga. Classificacao clara; candidato a importacao controlada conforme lote.
2,Lote 2 - POPs Farmacia de Manipulacao,0021,root,Google Drive/POPs_Manipulação Veterinária - Complementar MAPA-ANVISA,POPs_Manipulação Veterinária - Complementar MAPA-ANVISA,,,Pasta/POP,Biblioteca POPs,06. Manipulacao,POPs_Manipulação Veterinária - Complementar MAPA-ANVISA,POPS-MANIPULACAO-VETERINARIA-COMPLEMENTAR-MAPA-A,SIM,PLANEJADO,REVISAR,NAO,ADMIN;RT,,P0,REVISAR,SIM,MEDIO,,IMPORTAR_AGORA,Acervo aprovado como autoria propria; revisar redundancia/versao/classificacao. Item representa pasta/colecao; importar somente apos confirmar/expandir arquivos reais no momento da carga. Classificacao clara; candidato a importacao controlada conforme lote.
3,Lote 3 - RQs Farmacia de Manipulacao,0022,root,Google Drive/Manual para Solicitação de Registro no MAPA,Manual para Solicitação de Registro no MAPA,,,Registro da Qualidade,RQ's e MBP,Registros da Qualidade/Formularios,Manual para Solicitação de Registro no MAPA,MANUAL-PARA-SOLICITACAO-DE-REGISTRO-NO-MAPA,REVISAR,NAO,NAO,NAO,ADMIN;RT,,P1,IMPORTAR_COMO_RQ,SIM,BAIXO,,IMPORTAR_AGORA,Acervo aprovado como autoria propria; revisar redundancia/versao/classificacao. Classificacao clara; candidato a importacao controlada conforme lote.
4,Lote 4 - Drogarias,0023,Fonte 2 - POP Revisado e Ampliado 2022,Google Drive/POPs+MBP_Drogarias/1.Manual de Boas Prática de Dispensação em Drogarias,1.Manual de Boas Prática de Dispensação em Drogarias,,,Pasta/POP,Drogarias,01. Dispensacao,1,1-MANUAL-DE-BOAS-PRATICA-DE-DISPENSACAO-EM-DROGA,SIM,PLANEJADO,REVISAR,NAO,ADMIN;RT,,P0,REVISAR,SIM,ALTO,DUP-004,REVISAR_ANTES,Acervo aprovado como autoria propria; revisar redundancia/versao/classificacao. Item representa pasta/colecao; importar somente apos confirmar/expandir arquivos reais no momento da carga. Duplicidade/sobreposicao clara; escolher versao mais atual.
4,Lote 4 - Drogarias,0024,Drive complementar/POPs MBP Drogarias,Drive complementar/POPs MBP Drogarias/1.Manual de Boas Prática de Dispensação em Drogarias,1.Manual de Boas Prática de Dispensação em Drogarias,,,Pasta/Colecao,Drogarias,01. Dispensacao,1,1-MANUAL-DE-BOAS-PRATICA-DE-DISPENSACAO-EM-DROGARIAS,REVISAR,NAO,NAO,NAO,ADMIN;RT,,P1,REVISAR,SIM,ALTO,DUP-004,REVISAR_ANTES,Acervo aprovado como autoria propria; revisar redundancia/versao/classificacao. Item representa pasta/colecao; importar somente apos confirmar/expandir arquivos reais no momento da carga. Duplicidade/sobreposicao clara; escolher versao mais atual.
4,Lote 4 - Drogarias,0025,Drive complementar/POPs MBP Drogarias,Drive complementar/POPs MBP Drogarias/Capa Introdução e Lista Mestra,Capa Introdução e Lista Mestra,,,Pasta/Colecao,Drogarias,01. Gestao da Qualidade,Capa Introdução e Lista Mestra,CAPA-INTRODUCAO-E-LISTA-MESTRA,REVISAR,NAO,NAO,NAO,ADMIN;RT,,P1,REVISAR,SIM,ALTO,DUP-050,REVISAR_ANTES,Acervo aprovado como autoria propria; revisar redundancia/versao/classificacao. Item representa pasta/colecao; importar somente apos confirmar/expandir arquivos reais no momento da carga. Duplicidade/sobreposicao clara; escolher versao mais atual.
4,Lote 4 - Drogarias,0026,Drive complementar/MBP Farmacia Manipulacao,Drive complementar/MBP Farmacia Manipulacao/MANUAL 2 - Atendimento e Dispensação,MANUAL 2 - Atendimento e Dispensação,,,Pasta/Colecao,Drogarias,01. Dispensacao,MANUAL 2 - Atendimento e Dispensação,MANUAL-2-ATENDIMENTO-E-DISPENSACAO,REVISAR,NAO,NAO,NAO,ADMIN;RT,,P1,REVISAR,SIM,MEDIO,,IMPORTAR_AGORA,Acervo aprovado como autoria propria; revisar redundancia/versao/classificacao. Item representa pasta/colecao; importar somente apos confirmar/expandir arquivos reais no momento da carga. Classificacao clara; candidato a importacao controlada conforme lote.
4,Lote 4 - Drogarias,0027,Fonte 2 - POP Revisado e Ampliado 2022,Google Drive/PGRSS_Farmácia de Manipulação e Drogarias,PGRSS_Farmácia de Manipulação e Drogarias,,,Pasta/Colecao,Drogarias,06. Manipulacao,PGRSS_Farmácia de Manipulação e Drogarias,PGRSS-FARMACIA-DE-MANIPULACAO-E-DROGARIAS,REVISAR,NAO,NAO,NAO,ADMIN;RT,,P1,REVISAR,SIM,MEDIO,,IMPORTAR_AGORA,Acervo aprovado como autoria propria; revisar redundancia/versao/classificacao. Item representa pasta/colecao; importar somente apos confirmar/expandir arquivos reais no momento da carga. Classificacao clara; candidato a importacao controlada conforme lote.
4,Lote 4 - Drogarias,0028,Fonte 2 - POP Revisado e Ampliado 2022,Google Drive/POPs+MBP_Drogarias/POP.001 Documentação Normativa,POP.001 Documentação Normativa,,,Pasta/POP,Drogarias,Manual de Boas Praticas,POP,POP-001-DOCUMENTACAO-NORMATIVA,SIM,PLANEJADO,REVISAR,NAO,ADMIN;RT,,P0,REVISAR,SIM,ALTO,DUP-005,REVISAR_ANTES,Acervo aprovado como autoria propria; revisar redundancia/versao/classificacao. Item representa pasta/colecao; importar somente apos confirmar/expandir arquivos reais no momento da carga. Duplicidade/sobreposicao clara; escolher versao mais atual.
4,Lote 4 - Drogarias,0029,Drive complementar/POPs MBP Drogarias,Drive complementar/POPs MBP Drogarias/POP.001 Documentação Normativa,POP.001 Documentação Normativa,,,Pasta/POP,Drogarias,01. Gestao da Qualidade,POP,POP-001-DOCUMENTACAO-NORMATIVA,SIM,PLANEJADO,REVISAR,NAO,ADMIN;RT,,P0,REVISAR,SIM,ALTO,DUP-005,REVISAR_ANTES,Acervo aprovado como autoria propria; revisar redundancia/versao/classificacao. Item representa pasta/colecao; importar somente apos confirmar/expandir arquivos reais no momento da carga. Duplicidade/sobreposicao clara; escolher versao mais atual.
4,Lote 4 - Drogarias,0030,Fonte 2 - POP Revisado e Ampliado 2022,Google Drive/POPs+MBP_Drogarias/POP.002 Elab. Implementação de POPs,POP.002 Elab. Implementação de POPs,,,Pasta/POP,Drogarias,Manual de Boas Praticas,POP.002 Elab,POP-002-ELAB-IMPLEMENTACAO-DE-POPS,SIM,PLANEJADO,REVISAR,NAO,ADMIN;RT,,P0,REVISAR,SIM,ALTO,DUP-006,REVISAR_ANTES,Acervo aprovado como autoria propria; revisar redundancia/versao/classificacao. Item representa pasta/colecao; importar somente apos confirmar/expandir arquivos reais no momento da carga. Duplicidade/sobreposicao clara; escolher versao mais atual.
4,Lote 4 - Drogarias,0031,Drive complementar/POPs MBP Drogarias,Drive complementar/POPs MBP Drogarias/POP.002 Elab. Implementação de POPs,POP.002 Elab. Implementação de POPs,,,Pasta/POP,Drogarias,01. Gestao da Qualidade,POP.002 Elab,POP-002-ELAB-IMPLEMENTACAO-DE-POPS,SIM,PLANEJADO,REVISAR,NAO,ADMIN;RT,,P0,REVISAR,SIM,ALTO,DUP-006,REVISAR_ANTES,Acervo aprovado como autoria propria; revisar redundancia/versao/classificacao. Item representa pasta/colecao; importar somente apos confirmar/expandir arquivos reais no momento da carga. Duplicidade/sobreposicao clara; escolher versao mais atual.
4,Lote 4 - Drogarias,0032,Fonte 2 - POP Revisado e Ampliado 2022,Google Drive/POPs+MBP_Drogarias/POP.003 Organograma,POP.003 Organograma,,,Pasta/POP,Drogarias,Manual de Boas Praticas,POP,POP-003-ORGANOGRAMA,SIM,PLANEJADO,REVISAR,NAO,ADMIN;RT,,P0,REVISAR,SIM,ALTO,DUP-007,REVISAR_ANTES,Acervo aprovado como autoria propria; revisar redundancia/versao/classificacao. Item representa pasta/colecao; importar somente apos confirmar/expandir arquivos reais no momento da carga. Duplicidade/sobreposicao clara; escolher versao mais atual.
4,Lote 4 - Drogarias,0033,Drive complementar/POPs MBP Drogarias,Drive complementar/POPs MBP Drogarias/POP.003 Organograma,POP.003 Organograma,,,Pasta/POP,Drogarias,01. Gestao da Qualidade,POP,POP-003-ORGANOGRAMA,SIM,PLANEJADO,REVISAR,NAO,ADMIN;RT,,P0,REVISAR,SIM,ALTO,DUP-007,REVISAR_ANTES,Acervo aprovado como autoria propria; revisar redundancia/versao/classificacao. Item representa pasta/colecao; importar somente apos confirmar/expandir arquivos reais no momento da carga. Duplicidade/sobreposicao clara; escolher versao mais atual.
4,Lote 4 - Drogarias,0034,Fonte 2 - POP Revisado e Ampliado 2022,Google Drive/POPs+MBP_Drogarias/POP.004 Organização e Pessoal,POP.004 Organização e Pessoal,,,Pasta/POP,Drogarias,Manual de Boas Praticas,POP,POP-004-ORGANIZACAO-E-PESSOAL,SIM,PLANEJADO,REVISAR,NAO,ADMIN;RT,,P0,REVISAR,SIM,ALTO,DUP-008,REVISAR_ANTES,Acervo aprovado como autoria propria; revisar redundancia/versao/classificacao. Item representa pasta/colecao; importar somente apos confirmar/expandir arquivos reais no momento da carga. Duplicidade/sobreposicao clara; escolher versao mais atual.
4,Lote 4 - Drogarias,0035,Drive complementar/POPs MBP Drogarias,Drive complementar/POPs MBP Drogarias/POP.004 Organização e Pessoal,POP.004 Organização e Pessoal,,,Pasta/POP,Drogarias,01. Gestao da Qualidade,POP,POP-004-ORGANIZACAO-E-PESSOAL,SIM,PLANEJADO,REVISAR,NAO,ADMIN;RT,,P0,REVISAR,SIM,ALTO,DUP-008,REVISAR_ANTES,Acervo aprovado como autoria propria; revisar redundancia/versao/classificacao. Item representa pasta/colecao; importar somente apos confirmar/expandir arquivos reais no momento da carga. Duplicidade/sobreposicao clara; escolher versao mais atual.
4,Lote 4 - Drogarias,0036,Fonte 2 - POP Revisado e Ampliado 2022,Google Drive/POPs+MBP_Drogarias/POP.005 Recrutamento e Admissão,POP.005 Recrutamento e Admissão,,,Pasta/POP,Drogarias,Manual de Boas Praticas,POP,POP-005-RECRUTAMENTO-E-ADMISSAO,SIM,PLANEJADO,REVISAR,NAO,ADMIN;RT,,P0,REVISAR,SIM,ALTO,DUP-009,REVISAR_ANTES,Acervo aprovado como autoria propria; revisar redundancia/versao/classificacao. Item representa pasta/colecao; importar somente apos confirmar/expandir arquivos reais no momento da carga. Duplicidade/sobreposicao clara; escolher versao mais atual.
4,Lote 4 - Drogarias,0037,Drive complementar/POPs MBP Drogarias,Drive complementar/POPs MBP Drogarias/POP.005 Recrutamento e Admissão,POP.005 Recrutamento e Admissão,,,Pasta/POP,Drogarias,01. Gestao da Qualidade,POP,POP-005-RECRUTAMENTO-E-ADMISSAO,SIM,PLANEJADO,REVISAR,NAO,ADMIN;RT,,P0,REVISAR,SIM,ALTO,DUP-009,REVISAR_ANTES,Acervo aprovado como autoria propria; revisar redundancia/versao/classificacao. Item representa pasta/colecao; importar somente apos confirmar/expandir arquivos reais no momento da carga. Duplicidade/sobreposicao clara; escolher versao mais atual.
4,Lote 4 - Drogarias,0038,Fonte 2 - POP Revisado e Ampliado 2022,"Google Drive/POPs+MBP_Drogarias/POP.006 PCMSO, Relatório Analítico e Exames Médicos","POP.006 PCMSO, Relatório Analítico e Exames Médicos",,,Pasta/POP,Drogarias,Manual de Boas Praticas,POP,POP-006-PCMSO-RELATORIO-ANALITICO-E-EXAMES-MEDIC,SIM,PLANEJADO,REVISAR,NAO,ADMIN;RT,,P0,REVISAR,SIM,ALTO,DUP-010,REVISAR_ANTES,Acervo aprovado como autoria propria; revisar redundancia/versao/classificacao. Item representa pasta/colecao; importar somente apos confirmar/expandir arquivos reais no momento da carga. Duplicidade/sobreposicao clara; escolher versao mais atual.
4,Lote 4 - Drogarias,0039,Drive complementar/POPs MBP Drogarias,"Drive complementar/POPs MBP Drogarias/POP.006 PCMSO, Relatório Analítico e Exames Médicos","POP.006 PCMSO, Relatório Analítico e Exames Médicos",,,Pasta/POP,Drogarias,01. Gestao da Qualidade,POP,POP-006-PCMSO-RELATORIO-ANALITICO-E-EXAMES-MEDICOS,SIM,PLANEJADO,REVISAR,NAO,ADMIN;RT,,P0,REVISAR,SIM,ALTO,DUP-010,REVISAR_ANTES,Acervo aprovado como autoria propria; revisar redundancia/versao/classificacao. Item representa pasta/colecao; importar somente apos confirmar/expandir arquivos reais no momento da carga. Duplicidade/sobreposicao clara; escolher versao mais atual.
4,Lote 4 - Drogarias,0040,Fonte 2 - POP Revisado e Ampliado 2022,"Google Drive/POPs+MBP_Drogarias/POP.007 LTCAT, PGR e EPIs","POP.007 LTCAT, PGR e EPIs",,,Pasta/POP,Drogarias,09. Residuos,POP,POP-007-LTCAT-PGR-E-EPIS,SIM,PLANEJADO,REVISAR,NAO,ADMIN;RT,,P0,REVISAR,SIM,ALTO,DUP-011,REVISAR_ANTES,Acervo aprovado como autoria propria; revisar redundancia/versao/classificacao. Item representa pasta/colecao; importar somente apos confirmar/expandir arquivos reais no momento da carga. Duplicidade/sobreposicao clara; escolher versao mais atual.
4,Lote 4 - Drogarias,0041,Drive complementar/POPs MBP Drogarias,"Drive complementar/POPs MBP Drogarias/POP.007 LTCAT, PGR e EPIs","POP.007 LTCAT, PGR e EPIs",,,Pasta/POP,Drogarias,09. Residuos,POP,POP-007-LTCAT-PGR-E-EPIS,SIM,PLANEJADO,REVISAR,NAO,ADMIN;RT,,P0,REVISAR,SIM,ALTO,DUP-011,REVISAR_ANTES,Acervo aprovado como autoria propria; revisar redundancia/versao/classificacao. Item representa pasta/colecao; importar somente apos confirmar/expandir arquivos reais no momento da carga. Duplicidade/sobreposicao clara; escolher versao mais atual.
4,Lote 4 - Drogarias,0042,Fonte 2 - POP Revisado e Ampliado 2022,Google Drive/POPs+MBP_Drogarias/POP.008 Atribuições do Farmacêutico,POP.008 Atribuições do Farmacêutico,,,Pasta/POP,Drogarias,Manual de Boas Praticas,POP,POP-008-ATRIBUICOES-DO-FARMACEUTICO,SIM,PLANEJADO,REVISAR,NAO,ADMIN;RT,,P0,REVISAR,SIM,ALTO,DUP-012,REVISAR_ANTES,Acervo aprovado como autoria propria; revisar redundancia/versao/classificacao. Item representa pasta/colecao; importar somente apos confirmar/expandir arquivos reais no momento da carga. Duplicidade/sobreposicao clara; escolher versao mais atual.
4,Lote 4 - Drogarias,0043,Drive complementar/POPs MBP Drogarias,Drive complementar/POPs MBP Drogarias/POP.008 Atribuições do Farmacêutico,POP.008 Atribuições do Farmacêutico,,,Pasta/POP,Drogarias,01. Gestao da Qualidade,POP,POP-008-ATRIBUICOES-DO-FARMACEUTICO,SIM,PLANEJADO,REVISAR,NAO,ADMIN;RT,,P0,REVISAR,SIM,ALTO,DUP-012,REVISAR_ANTES,Acervo aprovado como autoria propria; revisar redundancia/versao/classificacao. Item representa pasta/colecao; importar somente apos confirmar/expandir arquivos reais no momento da carga. Duplicidade/sobreposicao clara; escolher versao mais atual.
4,Lote 4 - Drogarias,0044,Fonte 2 - POP Revisado e Ampliado 2022,Google Drive/POPs+MBP_Drogarias/POP.009 Atribuições da Gerência,POP.009 Atribuições da Gerência,,,Pasta/POP,Drogarias,Manual de Boas Praticas,POP,POP-009-ATRIBUICOES-DA-GERENCIA,SIM,PLANEJADO,REVISAR,NAO,ADMIN;RT,,P0,REVISAR,SIM,ALTO,DUP-013,REVISAR_ANTES,Acervo aprovado como autoria propria; revisar redundancia/versao/classificacao. Item representa pasta/colecao; importar somente apos confirmar/expandir arquivos reais no momento da carga. Duplicidade/sobreposicao clara; escolher versao mais atual.
4,Lote 4 - Drogarias,0045,Drive complementar/POPs MBP Drogarias,Drive complementar/POPs MBP Drogarias/POP.009 Atribuições da Gerência,POP.009 Atribuições da Gerência,,,Pasta/POP,Drogarias,01. Gestao da Qualidade,POP,POP-009-ATRIBUICOES-DA-GERENCIA,SIM,PLANEJADO,REVISAR,NAO,ADMIN;RT,,P0,REVISAR,SIM,ALTO,DUP-013,REVISAR_ANTES,Acervo aprovado como autoria propria; revisar redundancia/versao/classificacao. Item representa pasta/colecao; importar somente apos confirmar/expandir arquivos reais no momento da carga. Duplicidade/sobreposicao clara; escolher versao mais atual.
4,Lote 4 - Drogarias,0046,Fonte 2 - POP Revisado e Ampliado 2022,Google Drive/POPs+MBP_Drogarias/POP.010 Atribuições dos Balconistas,POP.010 Atribuições dos Balconistas,,,Pasta/POP,Drogarias,Manual de Boas Praticas,POP,POP-010-ATRIBUICOES-DOS-BALCONISTAS,SIM,PLANEJADO,REVISAR,NAO,ADMIN;RT,,P0,REVISAR,SIM,ALTO,DUP-014,REVISAR_ANTES,Acervo aprovado como autoria propria; revisar redundancia/versao/classificacao. Item representa pasta/colecao; importar somente apos confirmar/expandir arquivos reais no momento da carga. Duplicidade/sobreposicao clara; escolher versao mais atual.
4,Lote 4 - Drogarias,0047,Drive complementar/POPs MBP Drogarias,Drive complementar/POPs MBP Drogarias/POP.010 Atribuições dos Balconistas,POP.010 Atribuições dos Balconistas,,,Pasta/POP,Drogarias,01. Gestao da Qualidade,POP,POP-010-ATRIBUICOES-DOS-BALCONISTAS,SIM,PLANEJADO,REVISAR,NAO,ADMIN;RT,,P0,REVISAR,SIM,ALTO,DUP-014,REVISAR_ANTES,Acervo aprovado como autoria propria; revisar redundancia/versao/classificacao. Item representa pasta/colecao; importar somente apos confirmar/expandir arquivos reais no momento da carga. Duplicidade/sobreposicao clara; escolher versao mais atual.
4,Lote 4 - Drogarias,0048,Fonte 2 - POP Revisado e Ampliado 2022,Google Drive/POPs+MBP_Drogarias/POP.012 Autoinspeção,POP.012 Autoinspeção,,,Pasta/POP,Drogarias,Manual de Boas Praticas,POP,POP-012-AUTOINSPECAO,SIM,PLANEJADO,REVISAR,NAO,ADMIN;RT,,P0,REVISAR,SIM,ALTO,DUP-016,REVISAR_ANTES,Acervo aprovado como autoria propria; revisar redundancia/versao/classificacao. Item representa pasta/colecao; importar somente apos confirmar/expandir arquivos reais no momento da carga. Duplicidade/sobreposicao clara; escolher versao mais atual.
4,Lote 4 - Drogarias,0049,Drive complementar/POPs MBP Drogarias,Drive complementar/POPs MBP Drogarias/POP.012 Autoinspeção,POP.012 Autoinspeção,,,Pasta/POP,Drogarias,01. Gestao da Qualidade,POP,POP-012-AUTOINSPECAO,SIM,PLANEJADO,REVISAR,NAO,ADMIN;RT,,P0,REVISAR,SIM,ALTO,DUP-016,REVISAR_ANTES,Acervo aprovado como autoria propria; revisar redundancia/versao/classificacao. Item representa pasta/colecao; importar somente apos confirmar/expandir arquivos reais no momento da carga. Duplicidade/sobreposicao clara; escolher versao mais atual.
4,Lote 4 - Drogarias,0050,Fonte 2 - POP Revisado e Ampliado 2022,Google Drive/POPs+MBP_Drogarias/POP.013 Higiene Pessoal,POP.013 Higiene Pessoal,,,Pasta/POP,Drogarias,07. Higiene e Limpeza,POP,POP-013-HIGIENE-PESSOAL,SIM,PLANEJADO,REVISAR,NAO,ADMIN;RT,,P0,REVISAR,SIM,ALTO,DUP-017,REVISAR_ANTES,Acervo aprovado como autoria propria; revisar redundancia/versao/classificacao. Item representa pasta/colecao; importar somente apos confirmar/expandir arquivos reais no momento da carga. Duplicidade/sobreposicao clara; escolher versao mais atual.
4,Lote 4 - Drogarias,0051,Drive complementar/POPs MBP Drogarias,Drive complementar/POPs MBP Drogarias/POP.013 Higiene Pessoal,POP.013 Higiene Pessoal,,,Pasta/POP,Drogarias,07. Higiene e Limpeza,POP,POP-013-HIGIENE-PESSOAL,SIM,PLANEJADO,REVISAR,NAO,ADMIN;RT,,P0,REVISAR,SIM,ALTO,DUP-017,REVISAR_ANTES,Acervo aprovado como autoria propria; revisar redundancia/versao/classificacao. Item representa pasta/colecao; importar somente apos confirmar/expandir arquivos reais no momento da carga. Duplicidade/sobreposicao clara; escolher versao mais atual.
4,Lote 4 - Drogarias,0052,Fonte 2 - POP Revisado e Ampliado 2022,Google Drive/POPs+MBP_Drogarias/POP.014 Higienização das Mãos,POP.014 Higienização das Mãos,,,Pasta/POP,Drogarias,Manual de Boas Praticas,POP,POP-014-HIGIENIZACAO-DAS-MAOS,SIM,PLANEJADO,REVISAR,NAO,ADMIN;RT,,P0,REVISAR,SIM,ALTO,DUP-018,REVISAR_ANTES,Acervo aprovado como autoria propria; revisar redundancia/versao/classificacao. Item representa pasta/colecao; importar somente apos confirmar/expandir arquivos reais no momento da carga. Duplicidade/sobreposicao clara; escolher versao mais atual.
4,Lote 4 - Drogarias,0053,Drive complementar/POPs MBP Drogarias,Drive complementar/POPs MBP Drogarias/POP.014 Higienização das Mãos,POP.014 Higienização das Mãos,,,Pasta/POP,Drogarias,01. Gestao da Qualidade,POP,POP-014-HIGIENIZACAO-DAS-MAOS,SIM,PLANEJADO,REVISAR,NAO,ADMIN;RT,,P0,REVISAR,SIM,ALTO,DUP-018,REVISAR_ANTES,Acervo aprovado como autoria propria; revisar redundancia/versao/classificacao. Item representa pasta/colecao; importar somente apos confirmar/expandir arquivos reais no momento da carga. Duplicidade/sobreposicao clara; escolher versao mais atual.
4,Lote 4 - Drogarias,0054,Fonte 2 - POP Revisado e Ampliado 2022,Google Drive/POPs+MBP_Drogarias/POP.015 Uso e Conservação de EPIs e Uniformes,POP.015 Uso e Conservação de EPIs e Uniformes,,,Pasta/POP,Drogarias,09. Residuos,POP,POP-015-USO-E-CONSERVACAO-DE-EPIS-E-UNIFORMES,SIM,PLANEJADO,REVISAR,NAO,ADMIN;RT,,P0,REVISAR,SIM,ALTO,DUP-019,REVISAR_ANTES,Acervo aprovado como autoria propria; revisar redundancia/versao/classificacao. Item representa pasta/colecao; importar somente apos confirmar/expandir arquivos reais no momento da carga. Duplicidade/sobreposicao clara; escolher versao mais atual.
4,Lote 4 - Drogarias,0055,Drive complementar/POPs MBP Drogarias,Drive complementar/POPs MBP Drogarias/POP.015 Uso e Conservação de EPIs e Uniformes,POP.015 Uso e Conservação de EPIs e Uniformes,,,Pasta/POP,Drogarias,09. Residuos,POP,POP-015-USO-E-CONSERVACAO-DE-EPIS-E-UNIFORMES,SIM,PLANEJADO,REVISAR,NAO,ADMIN;RT,,P0,REVISAR,SIM,ALTO,DUP-019,REVISAR_ANTES,Acervo aprovado como autoria propria; revisar redundancia/versao/classificacao. Item representa pasta/colecao; importar somente apos confirmar/expandir arquivos reais no momento da carga. Duplicidade/sobreposicao clara; escolher versao mais atual.
4,Lote 4 - Drogarias,0056,Fonte 2 - POP Revisado e Ampliado 2022,Google Drive/POPs+MBP_Drogarias/POP.016 Manutenção e Calibração dos Equipamentos,POP.016 Manutenção e Calibração dos Equipamentos,,,Pasta/POP,Drogarias,"08. Equipamentos, Calibracao e Manutencao",POP,POP-016-MANUTENCAO-E-CALIBRACAO-DOS-EQUIPAMENTOS,SIM,PLANEJADO,REVISAR,NAO,ADMIN;RT,,P0,REVISAR,SIM,ALTO,DUP-020,REVISAR_ANTES,Acervo aprovado como autoria propria; revisar redundancia/versao/classificacao. Item representa pasta/colecao; importar somente apos confirmar/expandir arquivos reais no momento da carga. Duplicidade/sobreposicao clara; escolher versao mais atual.
4,Lote 4 - Drogarias,0057,Drive complementar/POPs MBP Drogarias,Drive complementar/POPs MBP Drogarias/POP.016 Manutenção e Calibração dos Equipamentos,POP.016 Manutenção e Calibração dos Equipamentos,,,Pasta/POP,Drogarias,"08. Equipamentos, Calibracao e Manutencao",POP,POP-016-MANUTENCAO-E-CALIBRACAO-DOS-EQUIPAMENTOS,SIM,PLANEJADO,REVISAR,NAO,ADMIN;RT,,P0,REVISAR,SIM,ALTO,DUP-020,REVISAR_ANTES,Acervo aprovado como autoria propria; revisar redundancia/versao/classificacao. Item representa pasta/colecao; importar somente apos confirmar/expandir arquivos reais no momento da carga. Duplicidade/sobreposicao clara; escolher versao mais atual.
4,Lote 4 - Drogarias,0058,Fonte 2 - POP Revisado e Ampliado 2022,Google Drive/POPs+MBP_Drogarias/POP.017 Limpeza do Ar Condicionado,POP.017 Limpeza do Ar Condicionado,,,Pasta/POP,Drogarias,07. Higiene e Limpeza,POP,POP-017-LIMPEZA-DO-AR-CONDICIONADO,SIM,PLANEJADO,REVISAR,NAO,ADMIN;RT,,P0,REVISAR,SIM,ALTO,DUP-021,REVISAR_ANTES,Acervo aprovado como autoria propria; revisar redundancia/versao/classificacao. Item representa pasta/colecao; importar somente apos confirmar/expandir arquivos reais no momento da carga. Duplicidade/sobreposicao clara; escolher versao mais atual.
4,Lote 4 - Drogarias,0059,Drive complementar/POPs MBP Drogarias,Drive complementar/POPs MBP Drogarias/POP.017 Limpeza do Ar Condicionado,POP.017 Limpeza do Ar Condicionado,,,Pasta/POP,Drogarias,07. Higiene e Limpeza,POP,POP-017-LIMPEZA-DO-AR-CONDICIONADO,SIM,PLANEJADO,REVISAR,NAO,ADMIN;RT,,P0,REVISAR,SIM,ALTO,DUP-021,REVISAR_ANTES,Acervo aprovado como autoria propria; revisar redundancia/versao/classificacao. Item representa pasta/colecao; importar somente apos confirmar/expandir arquivos reais no momento da carga. Duplicidade/sobreposicao clara; escolher versao mais atual.
4,Lote 4 - Drogarias,0060,Fonte 2 - POP Revisado e Ampliado 2022,Google Drive/POPs+MBP_Drogarias/POP.018 Limpeza da Geladeira e Congelador,POP.018 Limpeza da Geladeira e Congelador,,,Pasta/POP,Drogarias,07. Higiene e Limpeza,POP,POP-018-LIMPEZA-DA-GELADEIRA-E-CONGELADOR,SIM,PLANEJADO,REVISAR,NAO,ADMIN;RT,,P0,REVISAR,SIM,ALTO,DUP-022,REVISAR_ANTES,Acervo aprovado como autoria propria; revisar redundancia/versao/classificacao. Item representa pasta/colecao; importar somente apos confirmar/expandir arquivos reais no momento da carga. Duplicidade/sobreposicao clara; escolher versao mais atual.
4,Lote 4 - Drogarias,0061,Drive complementar/POPs MBP Drogarias,Drive complementar/POPs MBP Drogarias/POP.018 Limpeza da Geladeira e Congelador,POP.018 Limpeza da Geladeira e Congelador,,,Pasta/POP,Drogarias,07. Higiene e Limpeza,POP,POP-018-LIMPEZA-DA-GELADEIRA-E-CONGELADOR,SIM,PLANEJADO,REVISAR,NAO,ADMIN;RT,,P0,REVISAR,SIM,ALTO,DUP-022,REVISAR_ANTES,Acervo aprovado como autoria propria; revisar redundancia/versao/classificacao. Item representa pasta/colecao; importar somente apos confirmar/expandir arquivos reais no momento da carga. Duplicidade/sobreposicao clara; escolher versao mais atual.
4,Lote 4 - Drogarias,0062,Fonte 2 - POP Revisado e Ampliado 2022,Google Drive/POPs+MBP_Drogarias/POP.019 Limpeza Diária dos Ambientes,POP.019 Limpeza Diária dos Ambientes,,,Pasta/POP,Drogarias,07. Higiene e Limpeza,POP,POP-019-LIMPEZA-DIARIA-DOS-AMBIENTES,SIM,PLANEJADO,REVISAR,NAO,ADMIN;RT,,P0,REVISAR,SIM,ALTO,DUP-023,REVISAR_ANTES,Acervo aprovado como autoria propria; revisar redundancia/versao/classificacao. Item representa pasta/colecao; importar somente apos confirmar/expandir arquivos reais no momento da carga. Duplicidade/sobreposicao clara; escolher versao mais atual.
4,Lote 4 - Drogarias,0063,Drive complementar/POPs MBP Drogarias,Drive complementar/POPs MBP Drogarias/POP.019 Limpeza Diária dos Ambientes,POP.019 Limpeza Diária dos Ambientes,,,Pasta/POP,Drogarias,07. Higiene e Limpeza,POP,POP-019-LIMPEZA-DIARIA-DOS-AMBIENTES,SIM,PLANEJADO,REVISAR,NAO,ADMIN;RT,,P0,REVISAR,SIM,ALTO,DUP-023,REVISAR_ANTES,Acervo aprovado como autoria propria; revisar redundancia/versao/classificacao. Item representa pasta/colecao; importar somente apos confirmar/expandir arquivos reais no momento da carga. Duplicidade/sobreposicao clara; escolher versao mais atual.
4,Lote 4 - Drogarias,0064,Fonte 2 - POP Revisado e Ampliado 2022,Google Drive/POPs+MBP_Drogarias/POP.020 Limpeza da Sala de Serviços Farmacêuticos,POP.020 Limpeza da Sala de Serviços Farmacêuticos,,,Pasta/POP,Drogarias,07. Higiene e Limpeza,POP,POP-020-LIMPEZA-DA-SALA-DE-SERVICOS-FARMACEUTICO,SIM,PLANEJADO,REVISAR,NAO,ADMIN;RT,,P0,REVISAR,SIM,ALTO,DUP-024,REVISAR_ANTES,Acervo aprovado como autoria propria; revisar redundancia/versao/classificacao. Item representa pasta/colecao; importar somente apos confirmar/expandir arquivos reais no momento da carga. Duplicidade/sobreposicao clara; escolher versao mais atual.
4,Lote 4 - Drogarias,0065,Drive complementar/POPs MBP Drogarias,Drive complementar/POPs MBP Drogarias/POP.020 Limpeza da Sala de Serviços Farmacêuticos,POP.020 Limpeza da Sala de Serviços Farmacêuticos,,,Pasta/POP,Drogarias,06. Servicos Farmaceuticos,POP,POP-020-LIMPEZA-DA-SALA-DE-SERVICOS-FARMACEUTICOS,SIM,PLANEJADO,REVISAR,NAO,ADMIN;RT,,P0,REVISAR,SIM,ALTO,DUP-024,REVISAR_ANTES,Acervo aprovado como autoria propria; revisar redundancia/versao/classificacao. Item representa pasta/colecao; importar somente apos confirmar/expandir arquivos reais no momento da carga. Duplicidade/sobreposicao clara; escolher versao mais atual.
4,Lote 4 - Drogarias,0066,Fonte 2 - POP Revisado e Ampliado 2022,Google Drive/POPs+MBP_Drogarias/POP.021 Descarte de Resíduo e Retirada do Lixo,POP.021 Descarte de Resíduo e Retirada do Lixo,,,Pasta/POP,Drogarias,09. Residuos,POP,POP-021-DESCARTE-DE-RESIDUO-E-RETIRADA-DO-LIXO,SIM,PLANEJADO,REVISAR,NAO,ADMIN;RT,,P0,REVISAR,SIM,ALTO,DUP-025,REVISAR_ANTES,Acervo aprovado como autoria propria; revisar redundancia/versao/classificacao. Item representa pasta/colecao; importar somente apos confirmar/expandir arquivos reais no momento da carga. Duplicidade/sobreposicao clara; escolher versao mais atual.
4,Lote 4 - Drogarias,0067,Drive complementar/POPs MBP Drogarias,Drive complementar/POPs MBP Drogarias/POP.021 Descarte de Resíduo e Retirada do Lixo,POP.021 Descarte de Resíduo e Retirada do Lixo,,,Pasta/POP,Drogarias,09. Residuos,POP,POP-021-DESCARTE-DE-RESIDUO-E-RETIRADA-DO-LIXO,SIM,PLANEJADO,REVISAR,NAO,ADMIN;RT,,P0,REVISAR,SIM,ALTO,DUP-025,REVISAR_ANTES,Acervo aprovado como autoria propria; revisar redundancia/versao/classificacao. Item representa pasta/colecao; importar somente apos confirmar/expandir arquivos reais no momento da carga. Duplicidade/sobreposicao clara; escolher versao mais atual.
4,Lote 4 - Drogarias,0068,Fonte 2 - POP Revisado e Ampliado 2022,Google Drive/POPs+MBP_Drogarias/POP.022 Monitoramento da Temperatura e Umidade,POP.022 Monitoramento da Temperatura e Umidade,,,Pasta/POP,Drogarias,Manual de Boas Praticas,POP,POP-022-MONITORAMENTO-DA-TEMPERATURA-E-UMIDADE,SIM,PLANEJADO,REVISAR,NAO,ADMIN;RT,,P0,REVISAR,SIM,ALTO,DUP-026,REVISAR_ANTES,Acervo aprovado como autoria propria; revisar redundancia/versao/classificacao. Item representa pasta/colecao; importar somente apos confirmar/expandir arquivos reais no momento da carga. Duplicidade/sobreposicao clara; escolher versao mais atual.
4,Lote 4 - Drogarias,0069,Drive complementar/POPs MBP Drogarias,Drive complementar/POPs MBP Drogarias/POP.022 Monitoramento da Temperatura e Umidade,POP.022 Monitoramento da Temperatura e Umidade,,,Pasta/POP,Drogarias,01. Gestao da Qualidade,POP,POP-022-MONITORAMENTO-DA-TEMPERATURA-E-UMIDADE,SIM,PLANEJADO,REVISAR,NAO,ADMIN;RT,,P0,REVISAR,SIM,ALTO,DUP-026,REVISAR_ANTES,Acervo aprovado como autoria propria; revisar redundancia/versao/classificacao. Item representa pasta/colecao; importar somente apos confirmar/expandir arquivos reais no momento da carga. Duplicidade/sobreposicao clara; escolher versao mais atual.
4,Lote 4 - Drogarias,0070,Fonte 2 - POP Revisado e Ampliado 2022,Google Drive/POPs+MBP_Drogarias/POP.023 Termo-Higrômetro,POP.023 Termo-Higrômetro,,,Pasta/POP,Drogarias,"08. Equipamentos, Calibracao e Manutencao",POP,POP-023-TERMO-HIGROMETRO,SIM,PLANEJADO,REVISAR,NAO,ADMIN;RT,,P0,REVISAR,SIM,ALTO,DUP-027,REVISAR_ANTES,Acervo aprovado como autoria propria; revisar redundancia/versao/classificacao. Item representa pasta/colecao; importar somente apos confirmar/expandir arquivos reais no momento da carga. Duplicidade/sobreposicao clara; escolher versao mais atual.
4,Lote 4 - Drogarias,0071,Drive complementar/POPs MBP Drogarias,Drive complementar/POPs MBP Drogarias/POP.023 Termo-Higrômetro,POP.023 Termo-Higrômetro,,,Pasta/POP,Drogarias,"08. Equipamentos, Calibracao e Manutencao",POP,POP-023-TERMO-HIGROMETRO,SIM,PLANEJADO,REVISAR,NAO,ADMIN;RT,,P0,REVISAR,SIM,ALTO,DUP-027,REVISAR_ANTES,Acervo aprovado como autoria propria; revisar redundancia/versao/classificacao. Item representa pasta/colecao; importar somente apos confirmar/expandir arquivos reais no momento da carga. Duplicidade/sobreposicao clara; escolher versao mais atual.
4,Lote 4 - Drogarias,0072,Fonte 2 - POP Revisado e Ampliado 2022,Google Drive/POPs+MBP_Drogarias/POP.024 Manutenção Extintores de Incêndio,POP.024 Manutenção Extintores de Incêndio,,,Pasta/POP,Drogarias,"08. Equipamentos, Calibracao e Manutencao",POP,POP-024-MANUTENCAO-EXTINTORES-DE-INCENDIO,SIM,PLANEJADO,REVISAR,NAO,ADMIN;RT,,P0,REVISAR,SIM,ALTO,DUP-028,REVISAR_ANTES,Acervo aprovado como autoria propria; revisar redundancia/versao/classificacao. Item representa pasta/colecao; importar somente apos confirmar/expandir arquivos reais no momento da carga. Duplicidade/sobreposicao clara; escolher versao mais atual.
4,Lote 4 - Drogarias,0073,Drive complementar/POPs MBP Drogarias,Drive complementar/POPs MBP Drogarias/POP.024 Manutenção Extintores de Incêndio,POP.024 Manutenção Extintores de Incêndio,,,Pasta/POP,Drogarias,"08. Equipamentos, Calibracao e Manutencao",POP,POP-024-MANUTENCAO-EXTINTORES-DE-INCENDIO,SIM,PLANEJADO,REVISAR,NAO,ADMIN;RT,,P0,REVISAR,SIM,ALTO,DUP-028,REVISAR_ANTES,Acervo aprovado como autoria propria; revisar redundancia/versao/classificacao. Item representa pasta/colecao; importar somente apos confirmar/expandir arquivos reais no momento da carga. Duplicidade/sobreposicao clara; escolher versao mais atual.
4,Lote 4 - Drogarias,0074,Fonte 2 - POP Revisado e Ampliado 2022,Google Drive/POPs+MBP_Drogarias/POP.025 Programa de Controle de Pragas,POP.025 Programa de Controle de Pragas,,,Pasta/POP,Drogarias,Manual de Boas Praticas,POP,POP-025-PROGRAMA-DE-CONTROLE-DE-PRAGAS,SIM,PLANEJADO,REVISAR,NAO,ADMIN;RT,,P0,REVISAR,SIM,ALTO,DUP-029,REVISAR_ANTES,Acervo aprovado como autoria propria; revisar redundancia/versao/classificacao. Item representa pasta/colecao; importar somente apos confirmar/expandir arquivos reais no momento da carga. Duplicidade/sobreposicao clara; escolher versao mais atual.
4,Lote 4 - Drogarias,0075,Drive complementar/POPs MBP Drogarias,Drive complementar/POPs MBP Drogarias/POP.025 Programa de Controle de Pragas,POP.025 Programa de Controle de Pragas,,,Pasta/POP,Drogarias,01. Gestao da Qualidade,POP,POP-025-PROGRAMA-DE-CONTROLE-DE-PRAGAS,SIM,PLANEJADO,REVISAR,NAO,ADMIN;RT,,P0,REVISAR,SIM,ALTO,DUP-029,REVISAR_ANTES,Acervo aprovado como autoria propria; revisar redundancia/versao/classificacao. Item representa pasta/colecao; importar somente apos confirmar/expandir arquivos reais no momento da carga. Duplicidade/sobreposicao clara; escolher versao mais atual.
4,Lote 4 - Drogarias,0076,Fonte 2 - POP Revisado e Ampliado 2022,Google Drive/POPs+MBP_Drogarias/POP.026 Limpeza das Caixas d'água,POP.026 Limpeza das Caixas d'água,,,Pasta/POP,Drogarias,07. Higiene e Limpeza,POP,POP-026-LIMPEZA-DAS-CAIXAS-D-AGUA,SIM,PLANEJADO,REVISAR,NAO,ADMIN;RT,,P0,REVISAR,SIM,MEDIO,,IMPORTAR_AGORA,Acervo aprovado como autoria propria; revisar redundancia/versao/classificacao. Item representa pasta/colecao; importar somente apos confirmar/expandir arquivos reais no momento da carga. Classificacao clara; candidato a importacao controlada conforme lote.
4,Lote 4 - Drogarias,0077,Fonte 2 - POP Revisado e Ampliado 2022,Google Drive/POPs+MBP_Drogarias/POP.031 Comercialização de Alimentos,POP.031 Comercialização de Alimentos,,,Pasta/POP,Drogarias,Manual de Boas Praticas,POP,POP-031-COMERCIALIZACAO-DE-ALIMENTOS,SIM,PLANEJADO,REVISAR,NAO,ADMIN;RT,,P0,REVISAR,SIM,ALTO,DUP-030,REVISAR_ANTES,Acervo aprovado como autoria propria; revisar redundancia/versao/classificacao. Item representa pasta/colecao; importar somente apos confirmar/expandir arquivos reais no momento da carga. Duplicidade/sobreposicao clara; escolher versao mais atual.
4,Lote 4 - Drogarias,0078,Drive complementar/POPs MBP Drogarias,Drive complementar/POPs MBP Drogarias/POP.031 Comercialização de Alimentos,POP.031 Comercialização de Alimentos,,,Pasta/POP,Drogarias,01. Gestao da Qualidade,POP,POP-031-COMERCIALIZACAO-DE-ALIMENTOS,SIM,PLANEJADO,REVISAR,NAO,ADMIN;RT,,P0,REVISAR,SIM,ALTO,DUP-030,REVISAR_ANTES,Acervo aprovado como autoria propria; revisar redundancia/versao/classificacao. Item representa pasta/colecao; importar somente apos confirmar/expandir arquivos reais no momento da carga. Duplicidade/sobreposicao clara; escolher versao mais atual.
4,Lote 4 - Drogarias,0079,Fonte 2 - POP Revisado e Ampliado 2022,Google Drive/POPs+MBP_Drogarias/POP.036 Armazenamento de Antimicrobianos e Port. 344,POP.036 Armazenamento de Antimicrobianos e Port. 344,,,Pasta/POP,Drogarias,04. Recebimento e Armazenamento,POP.036 Armazenamento de Antimicrobianos e Port,POP-036-ARMAZENAMENTO-DE-ANTIMICROBIANOS-E-PORT-,SIM,PLANEJADO,REVISAR,NAO,ADMIN;RT,,P0,REVISAR,SIM,ALTO,DUP-031,REVISAR_ANTES,Acervo aprovado como autoria propria; revisar redundancia/versao/classificacao. Item representa pasta/colecao; importar somente apos confirmar/expandir arquivos reais no momento da carga. Duplicidade/sobreposicao clara; escolher versao mais atual.
4,Lote 4 - Drogarias,0080,Drive complementar/POPs MBP Drogarias,Drive complementar/POPs MBP Drogarias/POP.036 Armazenamento de Antimicrobianos e Port. 344,POP.036 Armazenamento de Antimicrobianos e Port. 344,,,Pasta/POP,Drogarias,04. Recebimento e Armazenamento,POP.036 Armazenamento de Antimicrobianos e Port,POP-036-ARMAZENAMENTO-DE-ANTIMICROBIANOS-E-PORT-344,SIM,PLANEJADO,REVISAR,NAO,ADMIN;RT,,P0,REVISAR,SIM,ALTO,DUP-031,REVISAR_ANTES,Acervo aprovado como autoria propria; revisar redundancia/versao/classificacao. Item representa pasta/colecao; importar somente apos confirmar/expandir arquivos reais no momento da carga. Duplicidade/sobreposicao clara; escolher versao mais atual.
4,Lote 4 - Drogarias,0081,Fonte 2 - POP Revisado e Ampliado 2022,Google Drive/POPs+MBP_Drogarias/POP.037 Armazenamento de MIPs,POP.037 Armazenamento de MIPs,,,Pasta/POP,Drogarias,04. Recebimento e Armazenamento,POP,POP-037-ARMAZENAMENTO-DE-MIPS,SIM,PLANEJADO,REVISAR,NAO,ADMIN;RT,,P0,REVISAR,SIM,ALTO,DUP-032,REVISAR_ANTES,Acervo aprovado como autoria propria; revisar redundancia/versao/classificacao. Item representa pasta/colecao; importar somente apos confirmar/expandir arquivos reais no momento da carga. Duplicidade/sobreposicao clara; escolher versao mais atual.
4,Lote 4 - Drogarias,0082,Drive complementar/POPs MBP Drogarias,Drive complementar/POPs MBP Drogarias/POP.037 Armazenamento de MIPs,POP.037 Armazenamento de MIPs,,,Pasta/POP,Drogarias,04. Recebimento e Armazenamento,POP,POP-037-ARMAZENAMENTO-DE-MIPS,SIM,PLANEJADO,REVISAR,NAO,ADMIN;RT,,P0,REVISAR,SIM,ALTO,DUP-032,REVISAR_ANTES,Acervo aprovado como autoria propria; revisar redundancia/versao/classificacao. Item representa pasta/colecao; importar somente apos confirmar/expandir arquivos reais no momento da carga. Duplicidade/sobreposicao clara; escolher versao mais atual.
4,Lote 4 - Drogarias,0083,Fonte 2 - POP Revisado e Ampliado 2022,Google Drive/POPs+MBP_Drogarias/POP.039 Dispensação por Receita Digital,POP.039 Dispensação por Receita Digital,,,Pasta/POP,Drogarias,01. Dispensacao,POP,POP-039-DISPENSACAO-POR-RECEITA-DIGITAL,SIM,PLANEJADO,REVISAR,NAO,ADMIN;RT,,P0,REVISAR,SIM,ALTO,DUP-033,REVISAR_ANTES,Acervo aprovado como autoria propria; revisar redundancia/versao/classificacao. Item representa pasta/colecao; importar somente apos confirmar/expandir arquivos reais no momento da carga. Duplicidade/sobreposicao clara; escolher versao mais atual.
4,Lote 4 - Drogarias,0084,Drive complementar/POPs MBP Drogarias,Drive complementar/POPs MBP Drogarias/POP.039 Dispensação por Receita Digital,POP.039 Dispensação por Receita Digital,,,Pasta/POP,Drogarias,01. Dispensacao,POP,POP-039-DISPENSACAO-POR-RECEITA-DIGITAL,SIM,PLANEJADO,REVISAR,NAO,ADMIN;RT,,P0,REVISAR,SIM,ALTO,DUP-033,REVISAR_ANTES,Acervo aprovado como autoria propria; revisar redundancia/versao/classificacao. Item representa pasta/colecao; importar somente apos confirmar/expandir arquivos reais no momento da carga. Duplicidade/sobreposicao clara; escolher versao mais atual.
4,Lote 4 - Drogarias,0085,Fonte 2 - POP Revisado e Ampliado 2022,Google Drive/POPs+MBP_Drogarias/POP.040 Intercambialidade de Medicamentos,POP.040 Intercambialidade de Medicamentos,,,Pasta/POP,Drogarias,Manual de Boas Praticas,POP,POP-040-INTERCAMBIALIDADE-DE-MEDICAMENTOS,SIM,PLANEJADO,REVISAR,NAO,ADMIN;RT,,P0,REVISAR,SIM,ALTO,DUP-034,REVISAR_ANTES,Acervo aprovado como autoria propria; revisar redundancia/versao/classificacao. Item representa pasta/colecao; importar somente apos confirmar/expandir arquivos reais no momento da carga. Duplicidade/sobreposicao clara; escolher versao mais atual.
4,Lote 4 - Drogarias,0086,Drive complementar/POPs MBP Drogarias,Drive complementar/POPs MBP Drogarias/POP.040 Intercambialidade de Medicamentos,POP.040 Intercambialidade de Medicamentos,,,Pasta/POP,Drogarias,01. Gestao da Qualidade,POP,POP-040-INTERCAMBIALIDADE-DE-MEDICAMENTOS,SIM,PLANEJADO,REVISAR,NAO,ADMIN;RT,,P0,REVISAR,SIM,ALTO,DUP-034,REVISAR_ANTES,Acervo aprovado como autoria propria; revisar redundancia/versao/classificacao. Item representa pasta/colecao; importar somente apos confirmar/expandir arquivos reais no momento da carga. Duplicidade/sobreposicao clara; escolher versao mais atual.
4,Lote 4 - Drogarias,0087,Fonte 2 - POP Revisado e Ampliado 2022,Google Drive/POPs+MBP_Drogarias/POP.041 Avaliação da Prescrição - Prevenção de Erros,POP.041 Avaliação da Prescrição - Prevenção de Erros,,,Pasta/POP,Drogarias,Manual de Boas Praticas,POP,POP-041-AVALIACAO-DA-PRESCRICAO-PREVENCAO-DE-ERR,SIM,PLANEJADO,REVISAR,NAO,ADMIN;RT,,P0,REVISAR,SIM,ALTO,DUP-035,REVISAR_ANTES,Acervo aprovado como autoria propria; revisar redundancia/versao/classificacao. Item representa pasta/colecao; importar somente apos confirmar/expandir arquivos reais no momento da carga. Duplicidade/sobreposicao clara; escolher versao mais atual.
4,Lote 4 - Drogarias,0088,Drive complementar/POPs MBP Drogarias,Drive complementar/POPs MBP Drogarias/POP.041 Avaliação da Prescrição - Prevenção de Erros,POP.041 Avaliação da Prescrição - Prevenção de Erros,,,Pasta/POP,Drogarias,01. Dispensacao,POP,POP-041-AVALIACAO-DA-PRESCRICAO-PREVENCAO-DE-ERROS,SIM,PLANEJADO,REVISAR,NAO,ADMIN;RT,,P0,REVISAR,SIM,ALTO,DUP-035,REVISAR_ANTES,Acervo aprovado como autoria propria; revisar redundancia/versao/classificacao. Item representa pasta/colecao; importar somente apos confirmar/expandir arquivos reais no momento da carga. Duplicidade/sobreposicao clara; escolher versao mais atual.
4,Lote 4 - Drogarias,0089,Fonte 2 - POP Revisado e Ampliado 2022,Google Drive/POPs+MBP_Drogarias/POP.042 Entrega em Domicílio,POP.042 Entrega em Domicílio,,,Pasta/POP,Drogarias,Manual de Boas Praticas,POP,POP-042-ENTREGA-EM-DOMICILIO,SIM,PLANEJADO,REVISAR,NAO,ADMIN;RT,,P0,REVISAR,SIM,ALTO,DUP-036,REVISAR_ANTES,Acervo aprovado como autoria propria; revisar redundancia/versao/classificacao. Item representa pasta/colecao; importar somente apos confirmar/expandir arquivos reais no momento da carga. Duplicidade/sobreposicao clara; escolher versao mais atual.
4,Lote 4 - Drogarias,0090,Drive complementar/POPs MBP Drogarias,Drive complementar/POPs MBP Drogarias/POP.042 Entrega em Domicílio,POP.042 Entrega em Domicílio,,,Pasta/POP,Drogarias,01. Dispensacao,POP,POP-042-ENTREGA-EM-DOMICILIO,SIM,PLANEJADO,REVISAR,NAO,ADMIN;RT,,P0,REVISAR,SIM,ALTO,DUP-036,REVISAR_ANTES,Acervo aprovado como autoria propria; revisar redundancia/versao/classificacao. Item representa pasta/colecao; importar somente apos confirmar/expandir arquivos reais no momento da carga. Duplicidade/sobreposicao clara; escolher versao mais atual.
4,Lote 4 - Drogarias,0091,Fonte 2 - POP Revisado e Ampliado 2022,Google Drive/POPs+MBP_Drogarias/POP.044 Mercadorias Avariadas ou Vencidas,POP.044 Mercadorias Avariadas ou Vencidas,,,Pasta/POP,Drogarias,"10. Nao Conformidades, Reclamacoes e Recolhimento",POP,POP-044-MERCADORIAS-AVARIADAS-OU-VENCIDAS,SIM,PLANEJADO,REVISAR,NAO,ADMIN;RT,,P0,REVISAR,SIM,MEDIO,,IMPORTAR_AGORA,Acervo aprovado como autoria propria; revisar redundancia/versao/classificacao. Item representa pasta/colecao; importar somente apos confirmar/expandir arquivos reais no momento da carga. Classificacao clara; candidato a importacao controlada conforme lote.
4,Lote 4 - Drogarias,0092,Fonte 2 - POP Revisado e Ampliado 2022,Google Drive/POPs+MBP_Drogarias/POP.045 Medicamentos Falsificados,POP.045 Medicamentos Falsificados,,,Pasta/POP,Drogarias,"10. Nao Conformidades, Reclamacoes e Recolhimento",POP,POP-045-MEDICAMENTOS-FALSIFICADOS,SIM,PLANEJADO,REVISAR,NAO,ADMIN;RT,,P0,REVISAR,SIM,MEDIO,,IMPORTAR_AGORA,Acervo aprovado como autoria propria; revisar redundancia/versao/classificacao. Item representa pasta/colecao; importar somente apos confirmar/expandir arquivos reais no momento da carga. Classificacao clara; candidato a importacao controlada conforme lote.
4,Lote 4 - Drogarias,0093,Fonte 2 - POP Revisado e Ampliado 2022,Google Drive/POPs+MBP_Drogarias/POP.046 Devolução de Produtos ao Fornecedor,POP.046 Devolução de Produtos ao Fornecedor,,,Pasta/POP,Drogarias,05. Materias-primas e Fornecedores,POP,POP-046-DEVOLUCAO-DE-PRODUTOS-AO-FORNECEDOR,SIM,PLANEJADO,REVISAR,NAO,ADMIN;RT,,P0,REVISAR,SIM,MEDIO,,IMPORTAR_AGORA,Acervo aprovado como autoria propria; revisar redundancia/versao/classificacao. Item representa pasta/colecao; importar somente apos confirmar/expandir arquivos reais no momento da carga. Classificacao clara; candidato a importacao controlada conforme lote.
4,Lote 4 - Drogarias,0094,Fonte 2 - POP Revisado e Ampliado 2022,Google Drive/POPs+MBP_Drogarias/POP.047 Devolução de Produtos dos Clientes,POP.047 Devolução de Produtos dos Clientes,,,Pasta/POP,Drogarias,Manual de Boas Praticas,POP,POP-047-DEVOLUCAO-DE-PRODUTOS-DOS-CLIENTES,SIM,PLANEJADO,REVISAR,NAO,ADMIN;RT,,P0,REVISAR,SIM,MEDIO,,IMPORTAR_AGORA,Acervo aprovado como autoria propria; revisar redundancia/versao/classificacao. Item representa pasta/colecao; importar somente apos confirmar/expandir arquivos reais no momento da carga. Classificacao clara; candidato a importacao controlada conforme lote.
4,Lote 4 - Drogarias,0095,Fonte 2 - POP Revisado e Ampliado 2022,Google Drive/POPs+MBP_Drogarias/POP.048 Aplicação de Injetáveis - Agulhas e Seringas,POP.048 Aplicação de Injetáveis - Agulhas e Seringas,,,Pasta/POP,Drogarias,06. Servicos Farmaceuticos,POP,POP-048-APLICACAO-DE-INJETAVEIS-AGULHAS-E-SERING,SIM,PLANEJADO,REVISAR,NAO,ADMIN;RT,,P0,REVISAR,SIM,ALTO,DUP-037,REVISAR_ANTES,Acervo aprovado como autoria propria; revisar redundancia/versao/classificacao. Item representa pasta/colecao; importar somente apos confirmar/expandir arquivos reais no momento da carga. Duplicidade/sobreposicao clara; escolher versao mais atual.
4,Lote 4 - Drogarias,0096,Drive complementar/POPs MBP Drogarias,Drive complementar/POPs MBP Drogarias/POP.048 Aplicação de Injetáveis - Agulhas e Seringas,POP.048 Aplicação de Injetáveis - Agulhas e Seringas,,,Pasta/POP,Drogarias,06. Servicos Farmaceuticos,POP,POP-048-APLICACAO-DE-INJETAVEIS-AGULHAS-E-SERINGAS,SIM,PLANEJADO,REVISAR,NAO,ADMIN;RT,,P0,REVISAR,SIM,ALTO,DUP-037,REVISAR_ANTES,Acervo aprovado como autoria propria; revisar redundancia/versao/classificacao. Item representa pasta/colecao; importar somente apos confirmar/expandir arquivos reais no momento da carga. Duplicidade/sobreposicao clara; escolher versao mais atual.
4,Lote 4 - Drogarias,0097,Fonte 2 - POP Revisado e Ampliado 2022,Google Drive/POPs+MBP_Drogarias/POP.049 Aplicação de Injetáveis - Preparação,POP.049 Aplicação de Injetáveis - Preparação,,,Pasta/POP,Drogarias,06. Servicos Farmaceuticos,POP,POP-049-APLICACAO-DE-INJETAVEIS-PREPARACAO,SIM,PLANEJADO,REVISAR,NAO,ADMIN;RT,,P0,REVISAR,SIM,ALTO,DUP-038,REVISAR_ANTES,Acervo aprovado como autoria propria; revisar redundancia/versao/classificacao. Item representa pasta/colecao; importar somente apos confirmar/expandir arquivos reais no momento da carga. Duplicidade/sobreposicao clara; escolher versao mais atual.
4,Lote 4 - Drogarias,0098,Drive complementar/POPs MBP Drogarias,Drive complementar/POPs MBP Drogarias/POP.049 Aplicação de Injetáveis - Preparação,POP.049 Aplicação de Injetáveis - Preparação,,,Pasta/POP,Drogarias,06. Servicos Farmaceuticos,POP,POP-049-APLICACAO-DE-INJETAVEIS-PREPARACAO,SIM,PLANEJADO,REVISAR,NAO,ADMIN;RT,,P0,REVISAR,SIM,ALTO,DUP-038,REVISAR_ANTES,Acervo aprovado como autoria propria; revisar redundancia/versao/classificacao. Item representa pasta/colecao; importar somente apos confirmar/expandir arquivos reais no momento da carga. Duplicidade/sobreposicao clara; escolher versao mais atual.
4,Lote 4 - Drogarias,0099,Fonte 2 - POP Revisado e Ampliado 2022,Google Drive/POPs+MBP_Drogarias/POP.050 Aplicação de Injetáveis - Vias de Administração,POP.050 Aplicação de Injetáveis - Vias de Administração,,,Pasta/POP,Drogarias,06. Servicos Farmaceuticos,POP,POP-050-APLICACAO-DE-INJETAVEIS-VIAS-DE-ADMINIST,SIM,PLANEJADO,REVISAR,NAO,ADMIN;RT,,P0,REVISAR,SIM,ALTO,DUP-039,REVISAR_ANTES,Acervo aprovado como autoria propria; revisar redundancia/versao/classificacao. Item representa pasta/colecao; importar somente apos confirmar/expandir arquivos reais no momento da carga. Duplicidade/sobreposicao clara; escolher versao mais atual.
4,Lote 4 - Drogarias,0100,Drive complementar/POPs MBP Drogarias,Drive complementar/POPs MBP Drogarias/POP.050 Aplicação de Injetáveis - Vias de Administração,POP.050 Aplicação de Injetáveis - Vias de Administração,,,Pasta/POP,Drogarias,06. Servicos Farmaceuticos,POP,POP-050-APLICACAO-DE-INJETAVEIS-VIAS-DE-ADMINISTRACAO,SIM,PLANEJADO,REVISAR,NAO,ADMIN;RT,,P0,REVISAR,SIM,ALTO,DUP-039,REVISAR_ANTES,Acervo aprovado como autoria propria; revisar redundancia/versao/classificacao. Item representa pasta/colecao; importar somente apos confirmar/expandir arquivos reais no momento da carga. Duplicidade/sobreposicao clara; escolher versao mais atual.
4,Lote 4 - Drogarias,0101,Fonte 2 - POP Revisado e Ampliado 2022,Google Drive/POPs+MBP_Drogarias/POP.051 Monitoramento da Glicemia Capilar,POP.051 Monitoramento da Glicemia Capilar,,,Pasta/POP,Drogarias,Manual de Boas Praticas,POP,POP-051-MONITORAMENTO-DA-GLICEMIA-CAPILAR,SIM,PLANEJADO,REVISAR,NAO,ADMIN;RT,,P0,REVISAR,SIM,ALTO,DUP-040,REVISAR_ANTES,Acervo aprovado como autoria propria; revisar redundancia/versao/classificacao. Item representa pasta/colecao; importar somente apos confirmar/expandir arquivos reais no momento da carga. Duplicidade/sobreposicao clara; escolher versao mais atual.
4,Lote 4 - Drogarias,0102,Drive complementar/POPs MBP Drogarias,Drive complementar/POPs MBP Drogarias/POP.051 Monitoramento da Glicemia Capilar,POP.051 Monitoramento da Glicemia Capilar,,,Pasta/POP,Drogarias,01. Gestao da Qualidade,POP,POP-051-MONITORAMENTO-DA-GLICEMIA-CAPILAR,SIM,PLANEJADO,REVISAR,NAO,ADMIN;RT,,P0,REVISAR,SIM,ALTO,DUP-040,REVISAR_ANTES,Acervo aprovado como autoria propria; revisar redundancia/versao/classificacao. Item representa pasta/colecao; importar somente apos confirmar/expandir arquivos reais no momento da carga. Duplicidade/sobreposicao clara; escolher versao mais atual.
4,Lote 4 - Drogarias,0103,Fonte 2 - POP Revisado e Ampliado 2022,Google Drive/POPs+MBP_Drogarias/POP.052 Monitoramento da Pressão Arterial,POP.052 Monitoramento da Pressão Arterial,,,Pasta/POP,Drogarias,Manual de Boas Praticas,POP,POP-052-MONITORAMENTO-DA-PRESSAO-ARTERIAL,SIM,PLANEJADO,REVISAR,NAO,ADMIN;RT,,P0,REVISAR,SIM,ALTO,DUP-041,REVISAR_ANTES,Acervo aprovado como autoria propria; revisar redundancia/versao/classificacao. Item representa pasta/colecao; importar somente apos confirmar/expandir arquivos reais no momento da carga. Duplicidade/sobreposicao clara; escolher versao mais atual.
4,Lote 4 - Drogarias,0104,Drive complementar/POPs MBP Drogarias,Drive complementar/POPs MBP Drogarias/POP.052 Monitoramento da Pressão Arterial,POP.052 Monitoramento da Pressão Arterial,,,Pasta/POP,Drogarias,01. Gestao da Qualidade,POP,POP-052-MONITORAMENTO-DA-PRESSAO-ARTERIAL,SIM,PLANEJADO,REVISAR,NAO,ADMIN;RT,,P0,REVISAR,SIM,ALTO,DUP-041,REVISAR_ANTES,Acervo aprovado como autoria propria; revisar redundancia/versao/classificacao. Item representa pasta/colecao; importar somente apos confirmar/expandir arquivos reais no momento da carga. Duplicidade/sobreposicao clara; escolher versao mais atual.
4,Lote 4 - Drogarias,0105,Fonte 2 - POP Revisado e Ampliado 2022,Google Drive/POPs+MBP_Drogarias/POP.053 Aferição da Temperatura Corporal,POP.053 Aferição da Temperatura Corporal,,,Pasta/POP,Drogarias,Manual de Boas Praticas,POP,POP-053-AFERICAO-DA-TEMPERATURA-CORPORAL,SIM,PLANEJADO,REVISAR,NAO,ADMIN;RT,,P0,REVISAR,SIM,ALTO,DUP-042,REVISAR_ANTES,Acervo aprovado como autoria propria; revisar redundancia/versao/classificacao. Item representa pasta/colecao; importar somente apos confirmar/expandir arquivos reais no momento da carga. Duplicidade/sobreposicao clara; escolher versao mais atual.
4,Lote 4 - Drogarias,0106,Drive complementar/POPs MBP Drogarias,Drive complementar/POPs MBP Drogarias/POP.053 Aferição da Temperatura Corporal,POP.053 Aferição da Temperatura Corporal,,,Pasta/POP,Drogarias,01. Gestao da Qualidade,POP,POP-053-AFERICAO-DA-TEMPERATURA-CORPORAL,SIM,PLANEJADO,REVISAR,NAO,ADMIN;RT,,P0,REVISAR,SIM,ALTO,DUP-042,REVISAR_ANTES,Acervo aprovado como autoria propria; revisar redundancia/versao/classificacao. Item representa pasta/colecao; importar somente apos confirmar/expandir arquivos reais no momento da carga. Duplicidade/sobreposicao clara; escolher versao mais atual.
4,Lote 4 - Drogarias,0107,Fonte 2 - POP Revisado e Ampliado 2022,Google Drive/POPs+MBP_Drogarias/POP.054 Inaloterapia,POP.054 Inaloterapia,,,Pasta/POP,Drogarias,Manual de Boas Praticas,POP,POP-054-INALOTERAPIA,SIM,PLANEJADO,REVISAR,NAO,ADMIN;RT,,P0,REVISAR,SIM,ALTO,DUP-043,REVISAR_ANTES,Acervo aprovado como autoria propria; revisar redundancia/versao/classificacao. Item representa pasta/colecao; importar somente apos confirmar/expandir arquivos reais no momento da carga. Duplicidade/sobreposicao clara; escolher versao mais atual.
4,Lote 4 - Drogarias,0108,Drive complementar/POPs MBP Drogarias,Drive complementar/POPs MBP Drogarias/POP.054 Inaloterapia,POP.054 Inaloterapia,,,Pasta/POP,Drogarias,01. Gestao da Qualidade,POP,POP-054-INALOTERAPIA,SIM,PLANEJADO,REVISAR,NAO,ADMIN;RT,,P0,REVISAR,SIM,ALTO,DUP-043,REVISAR_ANTES,Acervo aprovado como autoria propria; revisar redundancia/versao/classificacao. Item representa pasta/colecao; importar somente apos confirmar/expandir arquivos reais no momento da carga. Duplicidade/sobreposicao clara; escolher versao mais atual.
4,Lote 4 - Drogarias,0109,Fonte 2 - POP Revisado e Ampliado 2022,Google Drive/POPs+MBP_Drogarias/POP.055 Perfuração de Lóbulo Auricular para Brincos,POP.055 Perfuração de Lóbulo Auricular para Brincos,,,Pasta/POP,Drogarias,Manual de Boas Praticas,POP,POP-055-PERFURACAO-DE-LOBULO-AURICULAR-PARA-BRIN,SIM,PLANEJADO,REVISAR,NAO,ADMIN;RT,,P0,REVISAR,SIM,ALTO,DUP-044,REVISAR_ANTES,Acervo aprovado como autoria propria; revisar redundancia/versao/classificacao. Item representa pasta/colecao; importar somente apos confirmar/expandir arquivos reais no momento da carga. Duplicidade/sobreposicao clara; escolher versao mais atual.
4,Lote 4 - Drogarias,0110,Drive complementar/POPs MBP Drogarias,Drive complementar/POPs MBP Drogarias/POP.055 Perfuração de Lóbulo Auricular para Brincos,POP.055 Perfuração de Lóbulo Auricular para Brincos,,,Pasta/POP,Drogarias,01. Gestao da Qualidade,POP,POP-055-PERFURACAO-DE-LOBULO-AURICULAR-PARA-BRINCOS,SIM,PLANEJADO,REVISAR,NAO,ADMIN;RT,,P0,REVISAR,SIM,ALTO,DUP-044,REVISAR_ANTES,Acervo aprovado como autoria propria; revisar redundancia/versao/classificacao. Item representa pasta/colecao; importar somente apos confirmar/expandir arquivos reais no momento da carga. Duplicidade/sobreposicao clara; escolher versao mais atual.
4,Lote 4 - Drogarias,0111,Fonte 2 - POP Revisado e Ampliado 2022,Google Drive/POPs+MBP_Drogarias/POP.056 Saturação de Oxigênio,POP.056 Saturação de Oxigênio,,,Pasta/POP,Drogarias,Manual de Boas Praticas,POP,POP-056-SATURACAO-DE-OXIGENIO,SIM,PLANEJADO,REVISAR,NAO,ADMIN;RT,,P0,REVISAR,SIM,ALTO,DUP-045,REVISAR_ANTES,Acervo aprovado como autoria propria; revisar redundancia/versao/classificacao. Item representa pasta/colecao; importar somente apos confirmar/expandir arquivos reais no momento da carga. Duplicidade/sobreposicao clara; escolher versao mais atual.
4,Lote 4 - Drogarias,0112,Drive complementar/POPs MBP Drogarias,Drive complementar/POPs MBP Drogarias/POP.056 Saturação de Oxigênio,POP.056 Saturação de Oxigênio,,,Pasta/POP,Drogarias,01. Gestao da Qualidade,POP,POP-056-SATURACAO-DE-OXIGENIO,SIM,PLANEJADO,REVISAR,NAO,ADMIN;RT,,P0,REVISAR,SIM,ALTO,DUP-045,REVISAR_ANTES,Acervo aprovado como autoria propria; revisar redundancia/versao/classificacao. Item representa pasta/colecao; importar somente apos confirmar/expandir arquivos reais no momento da carga. Duplicidade/sobreposicao clara; escolher versao mais atual.
4,Lote 4 - Drogarias,0113,Fonte 2 - POP Revisado e Ampliado 2022,Google Drive/POPs+MBP_Drogarias/POP.057 Vacinação,POP.057 Vacinação,,,Pasta/POP,Drogarias,06. Servicos Farmaceuticos,POP,POP-057-VACINACAO,SIM,PLANEJADO,REVISAR,NAO,ADMIN;RT,,P0,REVISAR,SIM,ALTO,DUP-046,REVISAR_ANTES,Acervo aprovado como autoria propria; revisar redundancia/versao/classificacao. Item representa pasta/colecao; importar somente apos confirmar/expandir arquivos reais no momento da carga. Duplicidade/sobreposicao clara; escolher versao mais atual.
4,Lote 4 - Drogarias,0114,Drive complementar/POPs MBP Drogarias,Drive complementar/POPs MBP Drogarias/POP.057 Vacinação,POP.057 Vacinação,,,Pasta/POP,Drogarias,01. Gestao da Qualidade,POP,POP-057-VACINACAO,SIM,PLANEJADO,REVISAR,NAO,ADMIN;RT,,P0,REVISAR,SIM,ALTO,DUP-046,REVISAR_ANTES,Acervo aprovado como autoria propria; revisar redundancia/versao/classificacao. Item representa pasta/colecao; importar somente apos confirmar/expandir arquivos reais no momento da carga. Duplicidade/sobreposicao clara; escolher versao mais atual.
4,Lote 4 - Drogarias,0115,Fonte 2 - POP Revisado e Ampliado 2022,Google Drive/POPs+MBP_Drogarias/POP.058 Acidentes com Perfurocortantes,POP.058 Acidentes com Perfurocortantes,,,Pasta/POP,Drogarias,09. Residuos,POP,POP-058-ACIDENTES-COM-PERFUROCORTANTES,SIM,PLANEJADO,REVISAR,NAO,ADMIN;RT,,P0,REVISAR,SIM,MEDIO,,IMPORTAR_AGORA,Acervo aprovado como autoria propria; revisar redundancia/versao/classificacao. Item representa pasta/colecao; importar somente apos confirmar/expandir arquivos reais no momento da carga. Classificacao clara; candidato a importacao controlada conforme lote.
4,Lote 4 - Drogarias,0116,Fonte 2 - POP Revisado e Ampliado 2022,Google Drive/POPs+MBP_Drogarias/POP.059 Atenção Farmacêutica,POP.059 Atenção Farmacêutica,,,Pasta/POP,Drogarias,06. Servicos Farmaceuticos,POP,POP-059-ATENCAO-FARMACEUTICA,SIM,PLANEJADO,REVISAR,NAO,ADMIN;RT,,P0,REVISAR,SIM,ALTO,DUP-047,REVISAR_ANTES,Acervo aprovado como autoria propria; revisar redundancia/versao/classificacao. Item representa pasta/colecao; importar somente apos confirmar/expandir arquivos reais no momento da carga. Duplicidade/sobreposicao clara; escolher versao mais atual.
4,Lote 4 - Drogarias,0117,Drive complementar/POPs MBP Drogarias,Drive complementar/POPs MBP Drogarias/POP.059 Atenção Farmacêutica,POP.059 Atenção Farmacêutica,,,Pasta/POP,Drogarias,06. Servicos Farmaceuticos,POP,POP-059-ATENCAO-FARMACEUTICA,SIM,PLANEJADO,REVISAR,NAO,ADMIN;RT,,P0,REVISAR,SIM,ALTO,DUP-047,REVISAR_ANTES,Acervo aprovado como autoria propria; revisar redundancia/versao/classificacao. Item representa pasta/colecao; importar somente apos confirmar/expandir arquivos reais no momento da carga. Duplicidade/sobreposicao clara; escolher versao mais atual.
4,Lote 4 - Drogarias,0118,Fonte 2 - POP Revisado e Ampliado 2022,Google Drive/POPs+MBP_Drogarias/POP.060 Consulta Farmacêutica,POP.060 Consulta Farmacêutica,,,Pasta/POP,Drogarias,06. Servicos Farmaceuticos,POP,POP-060-CONSULTA-FARMACEUTICA,SIM,PLANEJADO,REVISAR,NAO,ADMIN;RT,,P0,REVISAR,SIM,MEDIO,,IMPORTAR_AGORA,Acervo aprovado como autoria propria; revisar redundancia/versao/classificacao. Item representa pasta/colecao; importar somente apos confirmar/expandir arquivos reais no momento da carga. Classificacao clara; candidato a importacao controlada conforme lote.
4,Lote 4 - Drogarias,0119,Fonte 2 - POP Revisado e Ampliado 2022,Google Drive/POPs+MBP_Drogarias/POP.061 Farmacovigilância,POP.061 Farmacovigilância,,,Pasta/POP,Drogarias,Manual de Boas Praticas,POP,POP-061-FARMACOVIGILANCIA,SIM,PLANEJADO,REVISAR,NAO,ADMIN;RT,,P0,REVISAR,SIM,ALTO,DUP-048,REVISAR_ANTES,Acervo aprovado como autoria propria; revisar redundancia/versao/classificacao. Item representa pasta/colecao; importar somente apos confirmar/expandir arquivos reais no momento da carga. Duplicidade/sobreposicao clara; escolher versao mais atual.
4,Lote 4 - Drogarias,0120,Drive complementar/POPs MBP Drogarias,Drive complementar/POPs MBP Drogarias/POP.061 Farmacovigilância,POP.061 Farmacovigilância,,,Pasta/POP,Drogarias,01. Gestao da Qualidade,POP,POP-061-FARMACOVIGILANCIA,SIM,PLANEJADO,REVISAR,NAO,ADMIN;RT,,P0,REVISAR,SIM,ALTO,DUP-048,REVISAR_ANTES,Acervo aprovado como autoria propria; revisar redundancia/versao/classificacao. Item representa pasta/colecao; importar somente apos confirmar/expandir arquivos reais no momento da carga. Duplicidade/sobreposicao clara; escolher versao mais atual.
4,Lote 4 - Drogarias,0121,Fonte 2 - POP Revisado e Ampliado 2022,Google Drive/POPs+MBP_Drogarias/POP.062 Prescrição Farmacêutica,POP.062 Prescrição Farmacêutica,,,Pasta/POP,Drogarias,06. Servicos Farmaceuticos,POP,POP-062-PRESCRICAO-FARMACEUTICA,SIM,PLANEJADO,REVISAR,NAO,ADMIN;RT,,P0,REVISAR,SIM,ALTO,DUP-049,REVISAR_ANTES,Acervo aprovado como autoria propria; revisar redundancia/versao/classificacao. Item representa pasta/colecao; importar somente apos confirmar/expandir arquivos reais no momento da carga. Duplicidade/sobreposicao clara; escolher versao mais atual.
4,Lote 4 - Drogarias,0122,Drive complementar/POPs MBP Drogarias,Drive complementar/POPs MBP Drogarias/POP.062 Prescrição Farmacêutica,POP.062 Prescrição Farmacêutica,,,Pasta/POP,Drogarias,01. Dispensacao,POP,POP-062-PRESCRICAO-FARMACEUTICA,SIM,PLANEJADO,REVISAR,NAO,ADMIN;RT,,P0,REVISAR,SIM,ALTO,DUP-049,REVISAR_ANTES,Acervo aprovado como autoria propria; revisar redundancia/versao/classificacao. Item representa pasta/colecao; importar somente apos confirmar/expandir arquivos reais no momento da carga. Duplicidade/sobreposicao clara; escolher versao mais atual.
4,Lote 4 - Drogarias,0123,Fonte 2 - POP Revisado e Ampliado 2022,Google Drive/POPs_Serviços e Consulta Farmacêutica,POPs_Serviços e Consulta Farmacêutica,,,Pasta/POP,Biblioteca POPs,"09. Rotulagem, Conferencia e Dispensacao",POPs_Serviços e Consulta Farmacêutica,POPS-SERVICOS-E-CONSULTA-FARMACEUTICA,SIM,PLANEJADO,REVISAR,NAO,ADMIN;RT,,P0,REVISAR,SIM,MEDIO,,IMPORTAR_AGORA,Acervo aprovado como autoria propria; revisar redundancia/versao/classificacao. Item representa pasta/colecao; importar somente apos confirmar/expandir arquivos reais no momento da carga. Classificacao clara; candidato a importacao controlada conforme lote.
4,Lote 4 - Drogarias,0124,Fonte 2 - POP Revisado e Ampliado 2022,Google Drive/POPs+MBP_Drogarias,POPs+MBP_Drogarias,,,Pasta/POP,Drogarias,Manual de Boas Praticas,POPs+MBP_Drogarias,POPS-MBP-DROGARIAS,SIM,PLANEJADO,REVISAR,NAO,ADMIN;RT,,P0,REVISAR,SIM,ALTO,DUP-001,REVISAR_ANTES,Acervo aprovado como autoria propria; revisar redundancia/versao/classificacao. Item representa pasta/colecao; importar somente apos confirmar/expandir arquivos reais no momento da carga. Duplicidade/sobreposicao clara; escolher versao mais atual.
4,Lote 4 - Drogarias,0125,Fonte 2 - POP Revisado e Ampliado 2022,Google Drive/POPs+MBP_Drogarias/POPs+MBP_Drogarias.zip,POPs+MBP_Drogarias.zip,zip,,POP,Drogarias,Manual de Boas Praticas,POPs+MBP_Drogarias,POPS-MBP-DROGARIAS-ZIP,SIM,PLANEJADO,REVISAR,NAO,ADMIN;RT,,P0,REVISAR,SIM,ALTO,DUP-001,REVISAR_ANTES,Acervo aprovado como autoria propria; revisar redundancia/versao/classificacao. ZIP nao extraido; listar arquivos antes de importar. Duplicidade/sobreposicao clara; escolher versao mais atual.
4,Lote 4 - Drogarias,0126,Drive complementar/POPs MBP Drogarias,Drive complementar/POPs MBP Drogarias/POPs+MBP_Drogarias.zip,POPs+MBP_Drogarias.zip,zip,,Pacote ZIP,Drogarias,Manual de Boas Praticas,POPs+MBP_Drogarias,POPS-MBP-DROGARIAS-ZIP,REVISAR,NAO,NAO,NAO,ADMIN;RT,,P1,REVISAR,SIM,ALTO,DUP-001,REVISAR_ANTES,Acervo aprovado como autoria propria; revisar redundancia/versao/classificacao. ZIP nao extraido; listar arquivos antes de importar. Duplicidade/sobreposicao clara; escolher versao mais atual.
5,Lote 5 - LGPD,0127,POPs LGPD / modulo transversal,Google Drive/POPs_LGPD para Farmácias de Manipulação,POPs_LGPD para Farmácias de Manipulação,,,Pasta/POP,Biblioteca POPs,06. Manipulacao,POPs_LGPD para Farmácias de Manipulação,POPS-LGPD-PARA-FARMACIAS-DE-MANIPULACAO,SIM,PLANEJADO,REVISAR,NAO,ADMIN;RT,,P0,REVISAR,SIM,MEDIO,,IMPORTAR_AGORA,Acervo aprovado como autoria propria; revisar redundancia/versao/classificacao. Item representa pasta/colecao; importar somente apos confirmar/expandir arquivos reais no momento da carga. Classificacao clara; candidato a importacao controlada conforme lote.
6,Lote 6 - Curso Boas Praticas e Controle de Qualidade,0128,Curso Boas Praticas e Controle de Qualidade,Google Drive/conteudo_modular.md,conteudo_modular.md,md,,Documento,Treinamentos,Boas Praticas e Controle de Qualidade,conteudo_modular,CONTEUDO-MODULAR-MD,SIM,OBRIGATORIO,REVISAR,NAO,ADMIN;RT,,P0,IMPORTAR_COMO_TREINAMENTO,NAO,ALTO,DUP-002,REVISAR_ANTES,Acervo aprovado como autoria propria; revisar redundancia/versao/classificacao. Duplicidade/sobreposicao clara; escolher versao mais atual.
6,Lote 6 - Curso Boas Praticas e Controle de Qualidade,0129,Drive complementar/arquivos soltos,Drive complementar/arquivos soltos/conteudo_modular.md,conteudo_modular.md,md,,Documento,Treinamentos,Boas Praticas e Controle de Qualidade,conteudo_modular,CONTEUDO-MODULAR-MD,SIM,OBRIGATORIO,REVISAR,NAO,ADMIN;RT,,P0,IMPORTAR_COMO_TREINAMENTO,SIM,ALTO,DUP-002,REVISAR_ANTES,Acervo aprovado como autoria propria; revisar redundancia/versao/classificacao. Duplicidade/sobreposicao clara; escolher versao mais atual.
6,Lote 6 - Curso Boas Praticas e Controle de Qualidade,0130,Curso Boas Praticas e Controle de Qualidade,Google Drive/index.html,index.html,html,,Documento,Treinamentos,Boas Praticas e Controle de Qualidade,index,INDEX-HTML,SIM,OBRIGATORIO,REVISAR,NAO,ADMIN;RT,,P0,IMPORTAR_COMO_TREINAMENTO,NAO,ALTO,DUP-003,REVISAR_ANTES,Acervo aprovado como autoria propria; revisar redundancia/versao/classificacao. Duplicidade/sobreposicao clara; escolher versao mais atual.
6,Lote 6 - Curso Boas Praticas e Controle de Qualidade,0131,Drive complementar/arquivos soltos,Drive complementar/arquivos soltos/index.html,index.html,html,,Documento,Treinamentos,Boas Praticas e Controle de Qualidade,index,INDEX-HTML,SIM,OBRIGATORIO,REVISAR,NAO,ADMIN;RT,,P0,IMPORTAR_COMO_TREINAMENTO,SIM,ALTO,DUP-003,REVISAR_ANTES,Acervo aprovado como autoria propria; revisar redundancia/versao/classificacao. Duplicidade/sobreposicao clara; escolher versao mais atual.
6,Lote 6 - Curso Boas Praticas e Controle de Qualidade,0132,Curso Boas Praticas e Controle de Qualidade,Google Drive/POPs+MBP_Drogarias/POP.011 Treinamento de Funcionários,POP.011 Treinamento de Funcionários,,,Material didatico,Treinamentos,Boas Praticas e Controle de Qualidade,POP,POP-011-TREINAMENTO-DE-FUNCIONARIOS,REVISAR,OBRIGATORIO,REVISAR,NAO,ADMIN;RT;OPERADOR;COLABORADOR,,P0,IMPORTAR_COMO_TREINAMENTO,SIM,ALTO,DUP-015,REVISAR_ANTES,Acervo aprovado como autoria propria; revisar redundancia/versao/classificacao. Duplicidade/sobreposicao clara; escolher versao mais atual.
6,Lote 6 - Curso Boas Praticas e Controle de Qualidade,0133,Drive complementar/POPs MBP Drogarias,Drive complementar/POPs MBP Drogarias/POP.011 Treinamento de Funcionários,POP.011 Treinamento de Funcionários,,,Material didatico,Treinamentos,Boas Praticas e Controle de Qualidade,POP,POP-011-TREINAMENTO-DE-FUNCIONARIOS,SIM,OBRIGATORIO,REVISAR,NAO,ADMIN;RT,,P0,IMPORTAR_COMO_TREINAMENTO,SIM,ALTO,DUP-015,REVISAR_ANTES,Acervo aprovado como autoria propria; revisar redundancia/versao/classificacao. Duplicidade/sobreposicao clara; escolher versao mais atual.
